// <auto-generated />
// Generated from Unicode script data
// Data source: https://www.unicode.org/Public/UCD/latest/ucd/Scripts.txt
// Statistics:
//   - Scripts: 176
//   - Ranges: 2287
//   - Encoded size: 18,296 bytes
//   - Script extension ranges: 206 (118 distinct sets)
//
// Specification: https://www.unicode.org/reports/tr24/
// DO NOT MODIFY THIS FILE MANUALLY - regenerate using the Unicode generator tool

#nullable enable

using System.Text;

namespace Meziantou.Framework;

/// <summary>Represents a Unicode script, as defined by the Script character property.</summary>
/// <seealso href="https://www.unicode.org/reports/tr24/" />
public enum UnicodeScript : ushort
{
    /// <summary>The Unknown script.</summary>
    Unknown = 0,

    /// <summary>The Adlam script.</summary>
    Adlam = 1,

    /// <summary>The Ahom script.</summary>
    Ahom = 2,

    /// <summary>The Anatolian Hieroglyphs script.</summary>
    AnatolianHieroglyphs = 3,

    /// <summary>The Arabic script.</summary>
    Arabic = 4,

    /// <summary>The Armenian script.</summary>
    Armenian = 5,

    /// <summary>The Avestan script.</summary>
    Avestan = 6,

    /// <summary>The Balinese script.</summary>
    Balinese = 7,

    /// <summary>The Bamum script.</summary>
    Bamum = 8,

    /// <summary>The Bassa Vah script.</summary>
    BassaVah = 9,

    /// <summary>The Batak script.</summary>
    Batak = 10,

    /// <summary>The Bengali script.</summary>
    Bengali = 11,

    /// <summary>The Beria Erfe script.</summary>
    BeriaErfe = 12,

    /// <summary>The Bhaiksuki script.</summary>
    Bhaiksuki = 13,

    /// <summary>The Bopomofo script.</summary>
    Bopomofo = 14,

    /// <summary>The Brahmi script.</summary>
    Brahmi = 15,

    /// <summary>The Braille script.</summary>
    Braille = 16,

    /// <summary>The Buginese script.</summary>
    Buginese = 17,

    /// <summary>The Buhid script.</summary>
    Buhid = 18,

    /// <summary>The Canadian Aboriginal script.</summary>
    CanadianAboriginal = 19,

    /// <summary>The Carian script.</summary>
    Carian = 20,

    /// <summary>The Caucasian Albanian script.</summary>
    CaucasianAlbanian = 21,

    /// <summary>The Chakma script.</summary>
    Chakma = 22,

    /// <summary>The Cham script.</summary>
    Cham = 23,

    /// <summary>The Cherokee script.</summary>
    Cherokee = 24,

    /// <summary>The Chorasmian script.</summary>
    Chorasmian = 25,

    /// <summary>The Common script.</summary>
    Common = 26,

    /// <summary>The Coptic script.</summary>
    Coptic = 27,

    /// <summary>The Cuneiform script.</summary>
    Cuneiform = 28,

    /// <summary>The Cypriot script.</summary>
    Cypriot = 29,

    /// <summary>The Cypro Minoan script.</summary>
    CyproMinoan = 30,

    /// <summary>The Cyrillic script.</summary>
    Cyrillic = 31,

    /// <summary>The Deseret script.</summary>
    Deseret = 32,

    /// <summary>The Devanagari script.</summary>
    Devanagari = 33,

    /// <summary>The Dives Akuru script.</summary>
    DivesAkuru = 34,

    /// <summary>The Dogra script.</summary>
    Dogra = 35,

    /// <summary>The Duployan script.</summary>
    Duployan = 36,

    /// <summary>The Egyptian Hieroglyphs script.</summary>
    EgyptianHieroglyphs = 37,

    /// <summary>The Elbasan script.</summary>
    Elbasan = 38,

    /// <summary>The Elymaic script.</summary>
    Elymaic = 39,

    /// <summary>The Ethiopic script.</summary>
    Ethiopic = 40,

    /// <summary>The Garay script.</summary>
    Garay = 41,

    /// <summary>The Georgian script.</summary>
    Georgian = 42,

    /// <summary>The Glagolitic script.</summary>
    Glagolitic = 43,

    /// <summary>The Gothic script.</summary>
    Gothic = 44,

    /// <summary>The Grantha script.</summary>
    Grantha = 45,

    /// <summary>The Greek script.</summary>
    Greek = 46,

    /// <summary>The Gujarati script.</summary>
    Gujarati = 47,

    /// <summary>The Gunjala Gondi script.</summary>
    GunjalaGondi = 48,

    /// <summary>The Gurmukhi script.</summary>
    Gurmukhi = 49,

    /// <summary>The Gurung Khema script.</summary>
    GurungKhema = 50,

    /// <summary>The Han script.</summary>
    Han = 51,

    /// <summary>The Hangul script.</summary>
    Hangul = 52,

    /// <summary>The Hanifi Rohingya script.</summary>
    HanifiRohingya = 53,

    /// <summary>The Hanunoo script.</summary>
    Hanunoo = 54,

    /// <summary>The Hatran script.</summary>
    Hatran = 55,

    /// <summary>The Hebrew script.</summary>
    Hebrew = 56,

    /// <summary>The Hiragana script.</summary>
    Hiragana = 57,

    /// <summary>The Imperial Aramaic script.</summary>
    ImperialAramaic = 58,

    /// <summary>The Inherited script.</summary>
    Inherited = 59,

    /// <summary>The Inscriptional Pahlavi script.</summary>
    InscriptionalPahlavi = 60,

    /// <summary>The Inscriptional Parthian script.</summary>
    InscriptionalParthian = 61,

    /// <summary>The Javanese script.</summary>
    Javanese = 62,

    /// <summary>The Kaithi script.</summary>
    Kaithi = 63,

    /// <summary>The Kannada script.</summary>
    Kannada = 64,

    /// <summary>The Katakana script.</summary>
    Katakana = 65,

    /// <summary>The Katakana Or Hiragana script.</summary>
    KatakanaOrHiragana = 66,

    /// <summary>The Kawi script.</summary>
    Kawi = 67,

    /// <summary>The Kayah Li script.</summary>
    KayahLi = 68,

    /// <summary>The Kharoshthi script.</summary>
    Kharoshthi = 69,

    /// <summary>The Khitan Small Script script.</summary>
    KhitanSmallScript = 70,

    /// <summary>The Khmer script.</summary>
    Khmer = 71,

    /// <summary>The Khojki script.</summary>
    Khojki = 72,

    /// <summary>The Khudawadi script.</summary>
    Khudawadi = 73,

    /// <summary>The Kirat Rai script.</summary>
    KiratRai = 74,

    /// <summary>The Lao script.</summary>
    Lao = 75,

    /// <summary>The Latin script.</summary>
    Latin = 76,

    /// <summary>The Lepcha script.</summary>
    Lepcha = 77,

    /// <summary>The Limbu script.</summary>
    Limbu = 78,

    /// <summary>The Linear A script.</summary>
    LinearA = 79,

    /// <summary>The Linear B script.</summary>
    LinearB = 80,

    /// <summary>The Lisu script.</summary>
    Lisu = 81,

    /// <summary>The Lycian script.</summary>
    Lycian = 82,

    /// <summary>The Lydian script.</summary>
    Lydian = 83,

    /// <summary>The Mahajani script.</summary>
    Mahajani = 84,

    /// <summary>The Makasar script.</summary>
    Makasar = 85,

    /// <summary>The Malayalam script.</summary>
    Malayalam = 86,

    /// <summary>The Mandaic script.</summary>
    Mandaic = 87,

    /// <summary>The Manichaean script.</summary>
    Manichaean = 88,

    /// <summary>The Marchen script.</summary>
    Marchen = 89,

    /// <summary>The Masaram Gondi script.</summary>
    MasaramGondi = 90,

    /// <summary>The Medefaidrin script.</summary>
    Medefaidrin = 91,

    /// <summary>The Meetei Mayek script.</summary>
    MeeteiMayek = 92,

    /// <summary>The Mende Kikakui script.</summary>
    MendeKikakui = 93,

    /// <summary>The Meroitic Cursive script.</summary>
    MeroiticCursive = 94,

    /// <summary>The Meroitic Hieroglyphs script.</summary>
    MeroiticHieroglyphs = 95,

    /// <summary>The Miao script.</summary>
    Miao = 96,

    /// <summary>The Modi script.</summary>
    Modi = 97,

    /// <summary>The Mongolian script.</summary>
    Mongolian = 98,

    /// <summary>The Mro script.</summary>
    Mro = 99,

    /// <summary>The Multani script.</summary>
    Multani = 100,

    /// <summary>The Myanmar script.</summary>
    Myanmar = 101,

    /// <summary>The Nabataean script.</summary>
    Nabataean = 102,

    /// <summary>The Nag Mundari script.</summary>
    NagMundari = 103,

    /// <summary>The Nandinagari script.</summary>
    Nandinagari = 104,

    /// <summary>The New Tai Lue script.</summary>
    NewTaiLue = 105,

    /// <summary>The Newa script.</summary>
    Newa = 106,

    /// <summary>The Nko script.</summary>
    Nko = 107,

    /// <summary>The Nushu script.</summary>
    Nushu = 108,

    /// <summary>The Nyiakeng Puachue Hmong script.</summary>
    NyiakengPuachueHmong = 109,

    /// <summary>The Ogham script.</summary>
    Ogham = 110,

    /// <summary>The Ol Chiki script.</summary>
    OlChiki = 111,

    /// <summary>The Ol Onal script.</summary>
    OlOnal = 112,

    /// <summary>The Old Hungarian script.</summary>
    OldHungarian = 113,

    /// <summary>The Old Italic script.</summary>
    OldItalic = 114,

    /// <summary>The Old North Arabian script.</summary>
    OldNorthArabian = 115,

    /// <summary>The Old Permic script.</summary>
    OldPermic = 116,

    /// <summary>The Old Persian script.</summary>
    OldPersian = 117,

    /// <summary>The Old Sogdian script.</summary>
    OldSogdian = 118,

    /// <summary>The Old South Arabian script.</summary>
    OldSouthArabian = 119,

    /// <summary>The Old Turkic script.</summary>
    OldTurkic = 120,

    /// <summary>The Old Uyghur script.</summary>
    OldUyghur = 121,

    /// <summary>The Oriya script.</summary>
    Oriya = 122,

    /// <summary>The Osage script.</summary>
    Osage = 123,

    /// <summary>The Osmanya script.</summary>
    Osmanya = 124,

    /// <summary>The Pahawh Hmong script.</summary>
    PahawhHmong = 125,

    /// <summary>The Palmyrene script.</summary>
    Palmyrene = 126,

    /// <summary>The Pau Cin Hau script.</summary>
    PauCinHau = 127,

    /// <summary>The Phags Pa script.</summary>
    PhagsPa = 128,

    /// <summary>The Phoenician script.</summary>
    Phoenician = 129,

    /// <summary>The Psalter Pahlavi script.</summary>
    PsalterPahlavi = 130,

    /// <summary>The Rejang script.</summary>
    Rejang = 131,

    /// <summary>The Runic script.</summary>
    Runic = 132,

    /// <summary>The Samaritan script.</summary>
    Samaritan = 133,

    /// <summary>The Saurashtra script.</summary>
    Saurashtra = 134,

    /// <summary>The Sharada script.</summary>
    Sharada = 135,

    /// <summary>The Shavian script.</summary>
    Shavian = 136,

    /// <summary>The Siddham script.</summary>
    Siddham = 137,

    /// <summary>The Sidetic script.</summary>
    Sidetic = 138,

    /// <summary>The SignWriting script.</summary>
    SignWriting = 139,

    /// <summary>The Sinhala script.</summary>
    Sinhala = 140,

    /// <summary>The Sogdian script.</summary>
    Sogdian = 141,

    /// <summary>The Sora Sompeng script.</summary>
    SoraSompeng = 142,

    /// <summary>The Soyombo script.</summary>
    Soyombo = 143,

    /// <summary>The Sundanese script.</summary>
    Sundanese = 144,

    /// <summary>The Sunuwar script.</summary>
    Sunuwar = 145,

    /// <summary>The Syloti Nagri script.</summary>
    SylotiNagri = 146,

    /// <summary>The Syriac script.</summary>
    Syriac = 147,

    /// <summary>The Tagalog script.</summary>
    Tagalog = 148,

    /// <summary>The Tagbanwa script.</summary>
    Tagbanwa = 149,

    /// <summary>The Tai Le script.</summary>
    TaiLe = 150,

    /// <summary>The Tai Tham script.</summary>
    TaiTham = 151,

    /// <summary>The Tai Viet script.</summary>
    TaiViet = 152,

    /// <summary>The Tai Yo script.</summary>
    TaiYo = 153,

    /// <summary>The Takri script.</summary>
    Takri = 154,

    /// <summary>The Tamil script.</summary>
    Tamil = 155,

    /// <summary>The Tangsa script.</summary>
    Tangsa = 156,

    /// <summary>The Tangut script.</summary>
    Tangut = 157,

    /// <summary>The Telugu script.</summary>
    Telugu = 158,

    /// <summary>The Thaana script.</summary>
    Thaana = 159,

    /// <summary>The Thai script.</summary>
    Thai = 160,

    /// <summary>The Tibetan script.</summary>
    Tibetan = 161,

    /// <summary>The Tifinagh script.</summary>
    Tifinagh = 162,

    /// <summary>The Tirhuta script.</summary>
    Tirhuta = 163,

    /// <summary>The Todhri script.</summary>
    Todhri = 164,

    /// <summary>The Tolong Siki script.</summary>
    TolongSiki = 165,

    /// <summary>The Toto script.</summary>
    Toto = 166,

    /// <summary>The Tulu Tigalari script.</summary>
    TuluTigalari = 167,

    /// <summary>The Ugaritic script.</summary>
    Ugaritic = 168,

    /// <summary>The Vai script.</summary>
    Vai = 169,

    /// <summary>The Vithkuqi script.</summary>
    Vithkuqi = 170,

    /// <summary>The Wancho script.</summary>
    Wancho = 171,

    /// <summary>The Warang Citi script.</summary>
    WarangCiti = 172,

    /// <summary>The Yezidi script.</summary>
    Yezidi = 173,

    /// <summary>The Yi script.</summary>
    Yi = 174,

    /// <summary>The Zanabazar Square script.</summary>
    ZanabazarSquare = 175,
}

/// <summary>Provides access to the Unicode Script character property.</summary>
/// <seealso href="https://www.unicode.org/reports/tr24/" />
public static class UnicodeScripts
{
    // Sorted, non-overlapping ranges. Each record is 8 bytes:
    // start (3), end (3), script id (2), little-endian. Stored as a blob rather than a
    // switch so the table costs data instead of IL.
    private static ReadOnlySpan<byte> Ranges =>
    [
        0x00, 0x00, 0x00, 0x1F, 0x00, 0x00, 0x1A, 0x00, 0x20, 0x00, 0x00, 0x20, 0x00, 0x00, 0x1A, 0x00,
        0x21, 0x00, 0x00, 0x23, 0x00, 0x00, 0x1A, 0x00, 0x24, 0x00, 0x00, 0x24, 0x00, 0x00, 0x1A, 0x00,
        0x25, 0x00, 0x00, 0x27, 0x00, 0x00, 0x1A, 0x00, 0x28, 0x00, 0x00, 0x28, 0x00, 0x00, 0x1A, 0x00,
        0x29, 0x00, 0x00, 0x29, 0x00, 0x00, 0x1A, 0x00, 0x2A, 0x00, 0x00, 0x2A, 0x00, 0x00, 0x1A, 0x00,
        0x2B, 0x00, 0x00, 0x2B, 0x00, 0x00, 0x1A, 0x00, 0x2C, 0x00, 0x00, 0x2C, 0x00, 0x00, 0x1A, 0x00,
        0x2D, 0x00, 0x00, 0x2D, 0x00, 0x00, 0x1A, 0x00, 0x2E, 0x00, 0x00, 0x2F, 0x00, 0x00, 0x1A, 0x00,
        0x30, 0x00, 0x00, 0x39, 0x00, 0x00, 0x1A, 0x00, 0x3A, 0x00, 0x00, 0x3B, 0x00, 0x00, 0x1A, 0x00,
        0x3C, 0x00, 0x00, 0x3E, 0x00, 0x00, 0x1A, 0x00, 0x3F, 0x00, 0x00, 0x40, 0x00, 0x00, 0x1A, 0x00,
        0x41, 0x00, 0x00, 0x5A, 0x00, 0x00, 0x4C, 0x00, 0x5B, 0x00, 0x00, 0x5B, 0x00, 0x00, 0x1A, 0x00,
        0x5C, 0x00, 0x00, 0x5C, 0x00, 0x00, 0x1A, 0x00, 0x5D, 0x00, 0x00, 0x5D, 0x00, 0x00, 0x1A, 0x00,
        0x5E, 0x00, 0x00, 0x5E, 0x00, 0x00, 0x1A, 0x00, 0x5F, 0x00, 0x00, 0x5F, 0x00, 0x00, 0x1A, 0x00,
        0x60, 0x00, 0x00, 0x60, 0x00, 0x00, 0x1A, 0x00, 0x61, 0x00, 0x00, 0x7A, 0x00, 0x00, 0x4C, 0x00,
        0x7B, 0x00, 0x00, 0x7B, 0x00, 0x00, 0x1A, 0x00, 0x7C, 0x00, 0x00, 0x7C, 0x00, 0x00, 0x1A, 0x00,
        0x7D, 0x00, 0x00, 0x7D, 0x00, 0x00, 0x1A, 0x00, 0x7E, 0x00, 0x00, 0x7E, 0x00, 0x00, 0x1A, 0x00,
        0x7F, 0x00, 0x00, 0x9F, 0x00, 0x00, 0x1A, 0x00, 0xA0, 0x00, 0x00, 0xA0, 0x00, 0x00, 0x1A, 0x00,
        0xA1, 0x00, 0x00, 0xA1, 0x00, 0x00, 0x1A, 0x00, 0xA2, 0x00, 0x00, 0xA5, 0x00, 0x00, 0x1A, 0x00,
        0xA6, 0x00, 0x00, 0xA6, 0x00, 0x00, 0x1A, 0x00, 0xA7, 0x00, 0x00, 0xA7, 0x00, 0x00, 0x1A, 0x00,
        0xA8, 0x00, 0x00, 0xA8, 0x00, 0x00, 0x1A, 0x00, 0xA9, 0x00, 0x00, 0xA9, 0x00, 0x00, 0x1A, 0x00,
        0xAA, 0x00, 0x00, 0xAA, 0x00, 0x00, 0x4C, 0x00, 0xAB, 0x00, 0x00, 0xAB, 0x00, 0x00, 0x1A, 0x00,
        0xAC, 0x00, 0x00, 0xAC, 0x00, 0x00, 0x1A, 0x00, 0xAD, 0x00, 0x00, 0xAD, 0x00, 0x00, 0x1A, 0x00,
        0xAE, 0x00, 0x00, 0xAE, 0x00, 0x00, 0x1A, 0x00, 0xAF, 0x00, 0x00, 0xAF, 0x00, 0x00, 0x1A, 0x00,
        0xB0, 0x00, 0x00, 0xB0, 0x00, 0x00, 0x1A, 0x00, 0xB1, 0x00, 0x00, 0xB1, 0x00, 0x00, 0x1A, 0x00,
        0xB2, 0x00, 0x00, 0xB3, 0x00, 0x00, 0x1A, 0x00, 0xB4, 0x00, 0x00, 0xB4, 0x00, 0x00, 0x1A, 0x00,
        0xB5, 0x00, 0x00, 0xB5, 0x00, 0x00, 0x1A, 0x00, 0xB6, 0x00, 0x00, 0xB7, 0x00, 0x00, 0x1A, 0x00,
        0xB8, 0x00, 0x00, 0xB8, 0x00, 0x00, 0x1A, 0x00, 0xB9, 0x00, 0x00, 0xB9, 0x00, 0x00, 0x1A, 0x00,
        0xBA, 0x00, 0x00, 0xBA, 0x00, 0x00, 0x4C, 0x00, 0xBB, 0x00, 0x00, 0xBB, 0x00, 0x00, 0x1A, 0x00,
        0xBC, 0x00, 0x00, 0xBE, 0x00, 0x00, 0x1A, 0x00, 0xBF, 0x00, 0x00, 0xBF, 0x00, 0x00, 0x1A, 0x00,
        0xC0, 0x00, 0x00, 0xD6, 0x00, 0x00, 0x4C, 0x00, 0xD7, 0x00, 0x00, 0xD7, 0x00, 0x00, 0x1A, 0x00,
        0xD8, 0x00, 0x00, 0xF6, 0x00, 0x00, 0x4C, 0x00, 0xF7, 0x00, 0x00, 0xF7, 0x00, 0x00, 0x1A, 0x00,
        0xF8, 0x00, 0x00, 0xBA, 0x01, 0x00, 0x4C, 0x00, 0xBB, 0x01, 0x00, 0xBB, 0x01, 0x00, 0x4C, 0x00,
        0xBC, 0x01, 0x00, 0xBF, 0x01, 0x00, 0x4C, 0x00, 0xC0, 0x01, 0x00, 0xC3, 0x01, 0x00, 0x4C, 0x00,
        0xC4, 0x01, 0x00, 0x93, 0x02, 0x00, 0x4C, 0x00, 0x94, 0x02, 0x00, 0x95, 0x02, 0x00, 0x4C, 0x00,
        0x96, 0x02, 0x00, 0xAF, 0x02, 0x00, 0x4C, 0x00, 0xB0, 0x02, 0x00, 0xB8, 0x02, 0x00, 0x4C, 0x00,
        0xB9, 0x02, 0x00, 0xC1, 0x02, 0x00, 0x1A, 0x00, 0xC2, 0x02, 0x00, 0xC5, 0x02, 0x00, 0x1A, 0x00,
        0xC6, 0x02, 0x00, 0xD1, 0x02, 0x00, 0x1A, 0x00, 0xD2, 0x02, 0x00, 0xDF, 0x02, 0x00, 0x1A, 0x00,
        0xE0, 0x02, 0x00, 0xE4, 0x02, 0x00, 0x4C, 0x00, 0xE5, 0x02, 0x00, 0xE9, 0x02, 0x00, 0x1A, 0x00,
        0xEA, 0x02, 0x00, 0xEB, 0x02, 0x00, 0x0E, 0x00, 0xEC, 0x02, 0x00, 0xEC, 0x02, 0x00, 0x1A, 0x00,
        0xED, 0x02, 0x00, 0xED, 0x02, 0x00, 0x1A, 0x00, 0xEE, 0x02, 0x00, 0xEE, 0x02, 0x00, 0x1A, 0x00,
        0xEF, 0x02, 0x00, 0xFF, 0x02, 0x00, 0x1A, 0x00, 0x00, 0x03, 0x00, 0x6F, 0x03, 0x00, 0x3B, 0x00,
        0x70, 0x03, 0x00, 0x73, 0x03, 0x00, 0x2E, 0x00, 0x74, 0x03, 0x00, 0x74, 0x03, 0x00, 0x1A, 0x00,
        0x75, 0x03, 0x00, 0x75, 0x03, 0x00, 0x2E, 0x00, 0x76, 0x03, 0x00, 0x77, 0x03, 0x00, 0x2E, 0x00,
        0x7A, 0x03, 0x00, 0x7A, 0x03, 0x00, 0x2E, 0x00, 0x7B, 0x03, 0x00, 0x7D, 0x03, 0x00, 0x2E, 0x00,
        0x7E, 0x03, 0x00, 0x7E, 0x03, 0x00, 0x1A, 0x00, 0x7F, 0x03, 0x00, 0x7F, 0x03, 0x00, 0x2E, 0x00,
        0x84, 0x03, 0x00, 0x84, 0x03, 0x00, 0x2E, 0x00, 0x85, 0x03, 0x00, 0x85, 0x03, 0x00, 0x1A, 0x00,
        0x86, 0x03, 0x00, 0x86, 0x03, 0x00, 0x2E, 0x00, 0x87, 0x03, 0x00, 0x87, 0x03, 0x00, 0x1A, 0x00,
        0x88, 0x03, 0x00, 0x8A, 0x03, 0x00, 0x2E, 0x00, 0x8C, 0x03, 0x00, 0x8C, 0x03, 0x00, 0x2E, 0x00,
        0x8E, 0x03, 0x00, 0xA1, 0x03, 0x00, 0x2E, 0x00, 0xA3, 0x03, 0x00, 0xE1, 0x03, 0x00, 0x2E, 0x00,
        0xE2, 0x03, 0x00, 0xEF, 0x03, 0x00, 0x1B, 0x00, 0xF0, 0x03, 0x00, 0xF5, 0x03, 0x00, 0x2E, 0x00,
        0xF6, 0x03, 0x00, 0xF6, 0x03, 0x00, 0x2E, 0x00, 0xF7, 0x03, 0x00, 0xFF, 0x03, 0x00, 0x2E, 0x00,
        0x00, 0x04, 0x00, 0x81, 0x04, 0x00, 0x1F, 0x00, 0x82, 0x04, 0x00, 0x82, 0x04, 0x00, 0x1F, 0x00,
        0x83, 0x04, 0x00, 0x84, 0x04, 0x00, 0x1F, 0x00, 0x85, 0x04, 0x00, 0x86, 0x04, 0x00, 0x3B, 0x00,
        0x87, 0x04, 0x00, 0x87, 0x04, 0x00, 0x1F, 0x00, 0x88, 0x04, 0x00, 0x89, 0x04, 0x00, 0x1F, 0x00,
        0x8A, 0x04, 0x00, 0x2F, 0x05, 0x00, 0x1F, 0x00, 0x31, 0x05, 0x00, 0x56, 0x05, 0x00, 0x05, 0x00,
        0x59, 0x05, 0x00, 0x59, 0x05, 0x00, 0x05, 0x00, 0x5A, 0x05, 0x00, 0x5F, 0x05, 0x00, 0x05, 0x00,
        0x60, 0x05, 0x00, 0x88, 0x05, 0x00, 0x05, 0x00, 0x89, 0x05, 0x00, 0x89, 0x05, 0x00, 0x05, 0x00,
        0x8A, 0x05, 0x00, 0x8A, 0x05, 0x00, 0x05, 0x00, 0x8D, 0x05, 0x00, 0x8E, 0x05, 0x00, 0x05, 0x00,
        0x8F, 0x05, 0x00, 0x8F, 0x05, 0x00, 0x05, 0x00, 0x91, 0x05, 0x00, 0xBD, 0x05, 0x00, 0x38, 0x00,
        0xBE, 0x05, 0x00, 0xBE, 0x05, 0x00, 0x38, 0x00, 0xBF, 0x05, 0x00, 0xBF, 0x05, 0x00, 0x38, 0x00,
        0xC0, 0x05, 0x00, 0xC0, 0x05, 0x00, 0x38, 0x00, 0xC1, 0x05, 0x00, 0xC2, 0x05, 0x00, 0x38, 0x00,
        0xC3, 0x05, 0x00, 0xC3, 0x05, 0x00, 0x38, 0x00, 0xC4, 0x05, 0x00, 0xC5, 0x05, 0x00, 0x38, 0x00,
        0xC6, 0x05, 0x00, 0xC6, 0x05, 0x00, 0x38, 0x00, 0xC7, 0x05, 0x00, 0xC7, 0x05, 0x00, 0x38, 0x00,
        0xD0, 0x05, 0x00, 0xEA, 0x05, 0x00, 0x38, 0x00, 0xEF, 0x05, 0x00, 0xF2, 0x05, 0x00, 0x38, 0x00,
        0xF3, 0x05, 0x00, 0xF4, 0x05, 0x00, 0x38, 0x00, 0x00, 0x06, 0x00, 0x04, 0x06, 0x00, 0x04, 0x00,
        0x05, 0x06, 0x00, 0x05, 0x06, 0x00, 0x1A, 0x00, 0x06, 0x06, 0x00, 0x08, 0x06, 0x00, 0x04, 0x00,
        0x09, 0x06, 0x00, 0x0A, 0x06, 0x00, 0x04, 0x00, 0x0B, 0x06, 0x00, 0x0B, 0x06, 0x00, 0x04, 0x00,
        0x0C, 0x06, 0x00, 0x0C, 0x06, 0x00, 0x1A, 0x00, 0x0D, 0x06, 0x00, 0x0D, 0x06, 0x00, 0x04, 0x00,
        0x0E, 0x06, 0x00, 0x0F, 0x06, 0x00, 0x04, 0x00, 0x10, 0x06, 0x00, 0x1A, 0x06, 0x00, 0x04, 0x00,
        0x1B, 0x06, 0x00, 0x1B, 0x06, 0x00, 0x1A, 0x00, 0x1C, 0x06, 0x00, 0x1C, 0x06, 0x00, 0x04, 0x00,
        0x1D, 0x06, 0x00, 0x1E, 0x06, 0x00, 0x04, 0x00, 0x1F, 0x06, 0x00, 0x1F, 0x06, 0x00, 0x1A, 0x00,
        0x20, 0x06, 0x00, 0x3F, 0x06, 0x00, 0x04, 0x00, 0x40, 0x06, 0x00, 0x40, 0x06, 0x00, 0x1A, 0x00,
        0x41, 0x06, 0x00, 0x4A, 0x06, 0x00, 0x04, 0x00, 0x4B, 0x06, 0x00, 0x55, 0x06, 0x00, 0x3B, 0x00,
        0x56, 0x06, 0x00, 0x5F, 0x06, 0x00, 0x04, 0x00, 0x60, 0x06, 0x00, 0x69, 0x06, 0x00, 0x04, 0x00,
        0x6A, 0x06, 0x00, 0x6D, 0x06, 0x00, 0x04, 0x00, 0x6E, 0x06, 0x00, 0x6F, 0x06, 0x00, 0x04, 0x00,
        0x70, 0x06, 0x00, 0x70, 0x06, 0x00, 0x3B, 0x00, 0x71, 0x06, 0x00, 0xD3, 0x06, 0x00, 0x04, 0x00,
        0xD4, 0x06, 0x00, 0xD4, 0x06, 0x00, 0x04, 0x00, 0xD5, 0x06, 0x00, 0xD5, 0x06, 0x00, 0x04, 0x00,
        0xD6, 0x06, 0x00, 0xDC, 0x06, 0x00, 0x04, 0x00, 0xDD, 0x06, 0x00, 0xDD, 0x06, 0x00, 0x1A, 0x00,
        0xDE, 0x06, 0x00, 0xDE, 0x06, 0x00, 0x04, 0x00, 0xDF, 0x06, 0x00, 0xE4, 0x06, 0x00, 0x04, 0x00,
        0xE5, 0x06, 0x00, 0xE6, 0x06, 0x00, 0x04, 0x00, 0xE7, 0x06, 0x00, 0xE8, 0x06, 0x00, 0x04, 0x00,
        0xE9, 0x06, 0x00, 0xE9, 0x06, 0x00, 0x04, 0x00, 0xEA, 0x06, 0x00, 0xED, 0x06, 0x00, 0x04, 0x00,
        0xEE, 0x06, 0x00, 0xEF, 0x06, 0x00, 0x04, 0x00, 0xF0, 0x06, 0x00, 0xF9, 0x06, 0x00, 0x04, 0x00,
        0xFA, 0x06, 0x00, 0xFC, 0x06, 0x00, 0x04, 0x00, 0xFD, 0x06, 0x00, 0xFE, 0x06, 0x00, 0x04, 0x00,
        0xFF, 0x06, 0x00, 0xFF, 0x06, 0x00, 0x04, 0x00, 0x00, 0x07, 0x00, 0x0D, 0x07, 0x00, 0x93, 0x00,
        0x0F, 0x07, 0x00, 0x0F, 0x07, 0x00, 0x93, 0x00, 0x10, 0x07, 0x00, 0x10, 0x07, 0x00, 0x93, 0x00,
        0x11, 0x07, 0x00, 0x11, 0x07, 0x00, 0x93, 0x00, 0x12, 0x07, 0x00, 0x2F, 0x07, 0x00, 0x93, 0x00,
        0x30, 0x07, 0x00, 0x4A, 0x07, 0x00, 0x93, 0x00, 0x4D, 0x07, 0x00, 0x4F, 0x07, 0x00, 0x93, 0x00,
        0x50, 0x07, 0x00, 0x7F, 0x07, 0x00, 0x04, 0x00, 0x80, 0x07, 0x00, 0xA5, 0x07, 0x00, 0x9F, 0x00,
        0xA6, 0x07, 0x00, 0xB0, 0x07, 0x00, 0x9F, 0x00, 0xB1, 0x07, 0x00, 0xB1, 0x07, 0x00, 0x9F, 0x00,
        0xC0, 0x07, 0x00, 0xC9, 0x07, 0x00, 0x6B, 0x00, 0xCA, 0x07, 0x00, 0xEA, 0x07, 0x00, 0x6B, 0x00,
        0xEB, 0x07, 0x00, 0xF3, 0x07, 0x00, 0x6B, 0x00, 0xF4, 0x07, 0x00, 0xF5, 0x07, 0x00, 0x6B, 0x00,
        0xF6, 0x07, 0x00, 0xF6, 0x07, 0x00, 0x6B, 0x00, 0xF7, 0x07, 0x00, 0xF9, 0x07, 0x00, 0x6B, 0x00,
        0xFA, 0x07, 0x00, 0xFA, 0x07, 0x00, 0x6B, 0x00, 0xFD, 0x07, 0x00, 0xFD, 0x07, 0x00, 0x6B, 0x00,
        0xFE, 0x07, 0x00, 0xFF, 0x07, 0x00, 0x6B, 0x00, 0x00, 0x08, 0x00, 0x15, 0x08, 0x00, 0x85, 0x00,
        0x16, 0x08, 0x00, 0x19, 0x08, 0x00, 0x85, 0x00, 0x1A, 0x08, 0x00, 0x1A, 0x08, 0x00, 0x85, 0x00,
        0x1B, 0x08, 0x00, 0x23, 0x08, 0x00, 0x85, 0x00, 0x24, 0x08, 0x00, 0x24, 0x08, 0x00, 0x85, 0x00,
        0x25, 0x08, 0x00, 0x27, 0x08, 0x00, 0x85, 0x00, 0x28, 0x08, 0x00, 0x28, 0x08, 0x00, 0x85, 0x00,
        0x29, 0x08, 0x00, 0x2D, 0x08, 0x00, 0x85, 0x00, 0x30, 0x08, 0x00, 0x3E, 0x08, 0x00, 0x85, 0x00,
        0x40, 0x08, 0x00, 0x58, 0x08, 0x00, 0x57, 0x00, 0x59, 0x08, 0x00, 0x5B, 0x08, 0x00, 0x57, 0x00,
        0x5E, 0x08, 0x00, 0x5E, 0x08, 0x00, 0x57, 0x00, 0x60, 0x08, 0x00, 0x6A, 0x08, 0x00, 0x93, 0x00,
        0x70, 0x08, 0x00, 0x87, 0x08, 0x00, 0x04, 0x00, 0x88, 0x08, 0x00, 0x88, 0x08, 0x00, 0x04, 0x00,
        0x89, 0x08, 0x00, 0x8F, 0x08, 0x00, 0x04, 0x00, 0x90, 0x08, 0x00, 0x91, 0x08, 0x00, 0x04, 0x00,
        0x97, 0x08, 0x00, 0x9F, 0x08, 0x00, 0x04, 0x00, 0xA0, 0x08, 0x00, 0xC8, 0x08, 0x00, 0x04, 0x00,
        0xC9, 0x08, 0x00, 0xC9, 0x08, 0x00, 0x04, 0x00, 0xCA, 0x08, 0x00, 0xE1, 0x08, 0x00, 0x04, 0x00,
        0xE2, 0x08, 0x00, 0xE2, 0x08, 0x00, 0x1A, 0x00, 0xE3, 0x08, 0x00, 0xFF, 0x08, 0x00, 0x04, 0x00,
        0x00, 0x09, 0x00, 0x02, 0x09, 0x00, 0x21, 0x00, 0x03, 0x09, 0x00, 0x03, 0x09, 0x00, 0x21, 0x00,
        0x04, 0x09, 0x00, 0x39, 0x09, 0x00, 0x21, 0x00, 0x3A, 0x09, 0x00, 0x3A, 0x09, 0x00, 0x21, 0x00,
        0x3B, 0x09, 0x00, 0x3B, 0x09, 0x00, 0x21, 0x00, 0x3C, 0x09, 0x00, 0x3C, 0x09, 0x00, 0x21, 0x00,
        0x3D, 0x09, 0x00, 0x3D, 0x09, 0x00, 0x21, 0x00, 0x3E, 0x09, 0x00, 0x40, 0x09, 0x00, 0x21, 0x00,
        0x41, 0x09, 0x00, 0x48, 0x09, 0x00, 0x21, 0x00, 0x49, 0x09, 0x00, 0x4C, 0x09, 0x00, 0x21, 0x00,
        0x4D, 0x09, 0x00, 0x4D, 0x09, 0x00, 0x21, 0x00, 0x4E, 0x09, 0x00, 0x4F, 0x09, 0x00, 0x21, 0x00,
        0x50, 0x09, 0x00, 0x50, 0x09, 0x00, 0x21, 0x00, 0x51, 0x09, 0x00, 0x54, 0x09, 0x00, 0x3B, 0x00,
        0x55, 0x09, 0x00, 0x57, 0x09, 0x00, 0x21, 0x00, 0x58, 0x09, 0x00, 0x61, 0x09, 0x00, 0x21, 0x00,
        0x62, 0x09, 0x00, 0x63, 0x09, 0x00, 0x21, 0x00, 0x64, 0x09, 0x00, 0x65, 0x09, 0x00, 0x1A, 0x00,
        0x66, 0x09, 0x00, 0x6F, 0x09, 0x00, 0x21, 0x00, 0x70, 0x09, 0x00, 0x70, 0x09, 0x00, 0x21, 0x00,
        0x71, 0x09, 0x00, 0x71, 0x09, 0x00, 0x21, 0x00, 0x72, 0x09, 0x00, 0x7F, 0x09, 0x00, 0x21, 0x00,
        0x80, 0x09, 0x00, 0x80, 0x09, 0x00, 0x0B, 0x00, 0x81, 0x09, 0x00, 0x81, 0x09, 0x00, 0x0B, 0x00,
        0x82, 0x09, 0x00, 0x83, 0x09, 0x00, 0x0B, 0x00, 0x85, 0x09, 0x00, 0x8C, 0x09, 0x00, 0x0B, 0x00,
        0x8F, 0x09, 0x00, 0x90, 0x09, 0x00, 0x0B, 0x00, 0x93, 0x09, 0x00, 0xA8, 0x09, 0x00, 0x0B, 0x00,
        0xAA, 0x09, 0x00, 0xB0, 0x09, 0x00, 0x0B, 0x00, 0xB2, 0x09, 0x00, 0xB2, 0x09, 0x00, 0x0B, 0x00,
        0xB6, 0x09, 0x00, 0xB9, 0x09, 0x00, 0x0B, 0x00, 0xBC, 0x09, 0x00, 0xBC, 0x09, 0x00, 0x0B, 0x00,
        0xBD, 0x09, 0x00, 0xBD, 0x09, 0x00, 0x0B, 0x00, 0xBE, 0x09, 0x00, 0xC0, 0x09, 0x00, 0x0B, 0x00,
        0xC1, 0x09, 0x00, 0xC4, 0x09, 0x00, 0x0B, 0x00, 0xC7, 0x09, 0x00, 0xC8, 0x09, 0x00, 0x0B, 0x00,
        0xCB, 0x09, 0x00, 0xCC, 0x09, 0x00, 0x0B, 0x00, 0xCD, 0x09, 0x00, 0xCD, 0x09, 0x00, 0x0B, 0x00,
        0xCE, 0x09, 0x00, 0xCE, 0x09, 0x00, 0x0B, 0x00, 0xD7, 0x09, 0x00, 0xD7, 0x09, 0x00, 0x0B, 0x00,
        0xDC, 0x09, 0x00, 0xDD, 0x09, 0x00, 0x0B, 0x00, 0xDF, 0x09, 0x00, 0xE1, 0x09, 0x00, 0x0B, 0x00,
        0xE2, 0x09, 0x00, 0xE3, 0x09, 0x00, 0x0B, 0x00, 0xE6, 0x09, 0x00, 0xEF, 0x09, 0x00, 0x0B, 0x00,
        0xF0, 0x09, 0x00, 0xF1, 0x09, 0x00, 0x0B, 0x00, 0xF2, 0x09, 0x00, 0xF3, 0x09, 0x00, 0x0B, 0x00,
        0xF4, 0x09, 0x00, 0xF9, 0x09, 0x00, 0x0B, 0x00, 0xFA, 0x09, 0x00, 0xFA, 0x09, 0x00, 0x0B, 0x00,
        0xFB, 0x09, 0x00, 0xFB, 0x09, 0x00, 0x0B, 0x00, 0xFC, 0x09, 0x00, 0xFC, 0x09, 0x00, 0x0B, 0x00,
        0xFD, 0x09, 0x00, 0xFD, 0x09, 0x00, 0x0B, 0x00, 0xFE, 0x09, 0x00, 0xFE, 0x09, 0x00, 0x0B, 0x00,
        0x01, 0x0A, 0x00, 0x02, 0x0A, 0x00, 0x31, 0x00, 0x03, 0x0A, 0x00, 0x03, 0x0A, 0x00, 0x31, 0x00,
        0x05, 0x0A, 0x00, 0x0A, 0x0A, 0x00, 0x31, 0x00, 0x0F, 0x0A, 0x00, 0x10, 0x0A, 0x00, 0x31, 0x00,
        0x13, 0x0A, 0x00, 0x28, 0x0A, 0x00, 0x31, 0x00, 0x2A, 0x0A, 0x00, 0x30, 0x0A, 0x00, 0x31, 0x00,
        0x32, 0x0A, 0x00, 0x33, 0x0A, 0x00, 0x31, 0x00, 0x35, 0x0A, 0x00, 0x36, 0x0A, 0x00, 0x31, 0x00,
        0x38, 0x0A, 0x00, 0x39, 0x0A, 0x00, 0x31, 0x00, 0x3C, 0x0A, 0x00, 0x3C, 0x0A, 0x00, 0x31, 0x00,
        0x3E, 0x0A, 0x00, 0x40, 0x0A, 0x00, 0x31, 0x00, 0x41, 0x0A, 0x00, 0x42, 0x0A, 0x00, 0x31, 0x00,
        0x47, 0x0A, 0x00, 0x48, 0x0A, 0x00, 0x31, 0x00, 0x4B, 0x0A, 0x00, 0x4D, 0x0A, 0x00, 0x31, 0x00,
        0x51, 0x0A, 0x00, 0x51, 0x0A, 0x00, 0x31, 0x00, 0x59, 0x0A, 0x00, 0x5C, 0x0A, 0x00, 0x31, 0x00,
        0x5E, 0x0A, 0x00, 0x5E, 0x0A, 0x00, 0x31, 0x00, 0x66, 0x0A, 0x00, 0x6F, 0x0A, 0x00, 0x31, 0x00,
        0x70, 0x0A, 0x00, 0x71, 0x0A, 0x00, 0x31, 0x00, 0x72, 0x0A, 0x00, 0x74, 0x0A, 0x00, 0x31, 0x00,
        0x75, 0x0A, 0x00, 0x75, 0x0A, 0x00, 0x31, 0x00, 0x76, 0x0A, 0x00, 0x76, 0x0A, 0x00, 0x31, 0x00,
        0x81, 0x0A, 0x00, 0x82, 0x0A, 0x00, 0x2F, 0x00, 0x83, 0x0A, 0x00, 0x83, 0x0A, 0x00, 0x2F, 0x00,
        0x85, 0x0A, 0x00, 0x8D, 0x0A, 0x00, 0x2F, 0x00, 0x8F, 0x0A, 0x00, 0x91, 0x0A, 0x00, 0x2F, 0x00,
        0x93, 0x0A, 0x00, 0xA8, 0x0A, 0x00, 0x2F, 0x00, 0xAA, 0x0A, 0x00, 0xB0, 0x0A, 0x00, 0x2F, 0x00,
        0xB2, 0x0A, 0x00, 0xB3, 0x0A, 0x00, 0x2F, 0x00, 0xB5, 0x0A, 0x00, 0xB9, 0x0A, 0x00, 0x2F, 0x00,
        0xBC, 0x0A, 0x00, 0xBC, 0x0A, 0x00, 0x2F, 0x00, 0xBD, 0x0A, 0x00, 0xBD, 0x0A, 0x00, 0x2F, 0x00,
        0xBE, 0x0A, 0x00, 0xC0, 0x0A, 0x00, 0x2F, 0x00, 0xC1, 0x0A, 0x00, 0xC5, 0x0A, 0x00, 0x2F, 0x00,
        0xC7, 0x0A, 0x00, 0xC8, 0x0A, 0x00, 0x2F, 0x00, 0xC9, 0x0A, 0x00, 0xC9, 0x0A, 0x00, 0x2F, 0x00,
        0xCB, 0x0A, 0x00, 0xCC, 0x0A, 0x00, 0x2F, 0x00, 0xCD, 0x0A, 0x00, 0xCD, 0x0A, 0x00, 0x2F, 0x00,
        0xD0, 0x0A, 0x00, 0xD0, 0x0A, 0x00, 0x2F, 0x00, 0xE0, 0x0A, 0x00, 0xE1, 0x0A, 0x00, 0x2F, 0x00,
        0xE2, 0x0A, 0x00, 0xE3, 0x0A, 0x00, 0x2F, 0x00, 0xE6, 0x0A, 0x00, 0xEF, 0x0A, 0x00, 0x2F, 0x00,
        0xF0, 0x0A, 0x00, 0xF0, 0x0A, 0x00, 0x2F, 0x00, 0xF1, 0x0A, 0x00, 0xF1, 0x0A, 0x00, 0x2F, 0x00,
        0xF9, 0x0A, 0x00, 0xF9, 0x0A, 0x00, 0x2F, 0x00, 0xFA, 0x0A, 0x00, 0xFF, 0x0A, 0x00, 0x2F, 0x00,
        0x01, 0x0B, 0x00, 0x01, 0x0B, 0x00, 0x7A, 0x00, 0x02, 0x0B, 0x00, 0x03, 0x0B, 0x00, 0x7A, 0x00,
        0x05, 0x0B, 0x00, 0x0C, 0x0B, 0x00, 0x7A, 0x00, 0x0F, 0x0B, 0x00, 0x10, 0x0B, 0x00, 0x7A, 0x00,
        0x13, 0x0B, 0x00, 0x28, 0x0B, 0x00, 0x7A, 0x00, 0x2A, 0x0B, 0x00, 0x30, 0x0B, 0x00, 0x7A, 0x00,
        0x32, 0x0B, 0x00, 0x33, 0x0B, 0x00, 0x7A, 0x00, 0x35, 0x0B, 0x00, 0x39, 0x0B, 0x00, 0x7A, 0x00,
        0x3C, 0x0B, 0x00, 0x3C, 0x0B, 0x00, 0x7A, 0x00, 0x3D, 0x0B, 0x00, 0x3D, 0x0B, 0x00, 0x7A, 0x00,
        0x3E, 0x0B, 0x00, 0x3E, 0x0B, 0x00, 0x7A, 0x00, 0x3F, 0x0B, 0x00, 0x3F, 0x0B, 0x00, 0x7A, 0x00,
        0x40, 0x0B, 0x00, 0x40, 0x0B, 0x00, 0x7A, 0x00, 0x41, 0x0B, 0x00, 0x44, 0x0B, 0x00, 0x7A, 0x00,
        0x47, 0x0B, 0x00, 0x48, 0x0B, 0x00, 0x7A, 0x00, 0x4B, 0x0B, 0x00, 0x4C, 0x0B, 0x00, 0x7A, 0x00,
        0x4D, 0x0B, 0x00, 0x4D, 0x0B, 0x00, 0x7A, 0x00, 0x55, 0x0B, 0x00, 0x56, 0x0B, 0x00, 0x7A, 0x00,
        0x57, 0x0B, 0x00, 0x57, 0x0B, 0x00, 0x7A, 0x00, 0x5C, 0x0B, 0x00, 0x5D, 0x0B, 0x00, 0x7A, 0x00,
        0x5F, 0x0B, 0x00, 0x61, 0x0B, 0x00, 0x7A, 0x00, 0x62, 0x0B, 0x00, 0x63, 0x0B, 0x00, 0x7A, 0x00,
        0x66, 0x0B, 0x00, 0x6F, 0x0B, 0x00, 0x7A, 0x00, 0x70, 0x0B, 0x00, 0x70, 0x0B, 0x00, 0x7A, 0x00,
        0x71, 0x0B, 0x00, 0x71, 0x0B, 0x00, 0x7A, 0x00, 0x72, 0x0B, 0x00, 0x77, 0x0B, 0x00, 0x7A, 0x00,
        0x82, 0x0B, 0x00, 0x82, 0x0B, 0x00, 0x9B, 0x00, 0x83, 0x0B, 0x00, 0x83, 0x0B, 0x00, 0x9B, 0x00,
        0x85, 0x0B, 0x00, 0x8A, 0x0B, 0x00, 0x9B, 0x00, 0x8E, 0x0B, 0x00, 0x90, 0x0B, 0x00, 0x9B, 0x00,
        0x92, 0x0B, 0x00, 0x95, 0x0B, 0x00, 0x9B, 0x00, 0x99, 0x0B, 0x00, 0x9A, 0x0B, 0x00, 0x9B, 0x00,
        0x9C, 0x0B, 0x00, 0x9C, 0x0B, 0x00, 0x9B, 0x00, 0x9E, 0x0B, 0x00, 0x9F, 0x0B, 0x00, 0x9B, 0x00,
        0xA3, 0x0B, 0x00, 0xA4, 0x0B, 0x00, 0x9B, 0x00, 0xA8, 0x0B, 0x00, 0xAA, 0x0B, 0x00, 0x9B, 0x00,
        0xAE, 0x0B, 0x00, 0xB9, 0x0B, 0x00, 0x9B, 0x00, 0xBE, 0x0B, 0x00, 0xBF, 0x0B, 0x00, 0x9B, 0x00,
        0xC0, 0x0B, 0x00, 0xC0, 0x0B, 0x00, 0x9B, 0x00, 0xC1, 0x0B, 0x00, 0xC2, 0x0B, 0x00, 0x9B, 0x00,
        0xC6, 0x0B, 0x00, 0xC8, 0x0B, 0x00, 0x9B, 0x00, 0xCA, 0x0B, 0x00, 0xCC, 0x0B, 0x00, 0x9B, 0x00,
        0xCD, 0x0B, 0x00, 0xCD, 0x0B, 0x00, 0x9B, 0x00, 0xD0, 0x0B, 0x00, 0xD0, 0x0B, 0x00, 0x9B, 0x00,
        0xD7, 0x0B, 0x00, 0xD7, 0x0B, 0x00, 0x9B, 0x00, 0xE6, 0x0B, 0x00, 0xEF, 0x0B, 0x00, 0x9B, 0x00,
        0xF0, 0x0B, 0x00, 0xF2, 0x0B, 0x00, 0x9B, 0x00, 0xF3, 0x0B, 0x00, 0xF8, 0x0B, 0x00, 0x9B, 0x00,
        0xF9, 0x0B, 0x00, 0xF9, 0x0B, 0x00, 0x9B, 0x00, 0xFA, 0x0B, 0x00, 0xFA, 0x0B, 0x00, 0x9B, 0x00,
        0x00, 0x0C, 0x00, 0x00, 0x0C, 0x00, 0x9E, 0x00, 0x01, 0x0C, 0x00, 0x03, 0x0C, 0x00, 0x9E, 0x00,
        0x04, 0x0C, 0x00, 0x04, 0x0C, 0x00, 0x9E, 0x00, 0x05, 0x0C, 0x00, 0x0C, 0x0C, 0x00, 0x9E, 0x00,
        0x0E, 0x0C, 0x00, 0x10, 0x0C, 0x00, 0x9E, 0x00, 0x12, 0x0C, 0x00, 0x28, 0x0C, 0x00, 0x9E, 0x00,
        0x2A, 0x0C, 0x00, 0x39, 0x0C, 0x00, 0x9E, 0x00, 0x3C, 0x0C, 0x00, 0x3C, 0x0C, 0x00, 0x9E, 0x00,
        0x3D, 0x0C, 0x00, 0x3D, 0x0C, 0x00, 0x9E, 0x00, 0x3E, 0x0C, 0x00, 0x40, 0x0C, 0x00, 0x9E, 0x00,
        0x41, 0x0C, 0x00, 0x44, 0x0C, 0x00, 0x9E, 0x00, 0x46, 0x0C, 0x00, 0x48, 0x0C, 0x00, 0x9E, 0x00,
        0x4A, 0x0C, 0x00, 0x4D, 0x0C, 0x00, 0x9E, 0x00, 0x55, 0x0C, 0x00, 0x56, 0x0C, 0x00, 0x9E, 0x00,
        0x58, 0x0C, 0x00, 0x5A, 0x0C, 0x00, 0x9E, 0x00, 0x5C, 0x0C, 0x00, 0x5D, 0x0C, 0x00, 0x9E, 0x00,
        0x60, 0x0C, 0x00, 0x61, 0x0C, 0x00, 0x9E, 0x00, 0x62, 0x0C, 0x00, 0x63, 0x0C, 0x00, 0x9E, 0x00,
        0x66, 0x0C, 0x00, 0x6F, 0x0C, 0x00, 0x9E, 0x00, 0x77, 0x0C, 0x00, 0x77, 0x0C, 0x00, 0x9E, 0x00,
        0x78, 0x0C, 0x00, 0x7E, 0x0C, 0x00, 0x9E, 0x00, 0x7F, 0x0C, 0x00, 0x7F, 0x0C, 0x00, 0x9E, 0x00,
        0x80, 0x0C, 0x00, 0x80, 0x0C, 0x00, 0x40, 0x00, 0x81, 0x0C, 0x00, 0x81, 0x0C, 0x00, 0x40, 0x00,
        0x82, 0x0C, 0x00, 0x83, 0x0C, 0x00, 0x40, 0x00, 0x84, 0x0C, 0x00, 0x84, 0x0C, 0x00, 0x40, 0x00,
        0x85, 0x0C, 0x00, 0x8C, 0x0C, 0x00, 0x40, 0x00, 0x8E, 0x0C, 0x00, 0x90, 0x0C, 0x00, 0x40, 0x00,
        0x92, 0x0C, 0x00, 0xA8, 0x0C, 0x00, 0x40, 0x00, 0xAA, 0x0C, 0x00, 0xB3, 0x0C, 0x00, 0x40, 0x00,
        0xB5, 0x0C, 0x00, 0xB9, 0x0C, 0x00, 0x40, 0x00, 0xBC, 0x0C, 0x00, 0xBC, 0x0C, 0x00, 0x40, 0x00,
        0xBD, 0x0C, 0x00, 0xBD, 0x0C, 0x00, 0x40, 0x00, 0xBE, 0x0C, 0x00, 0xBE, 0x0C, 0x00, 0x40, 0x00,
        0xBF, 0x0C, 0x00, 0xBF, 0x0C, 0x00, 0x40, 0x00, 0xC0, 0x0C, 0x00, 0xC4, 0x0C, 0x00, 0x40, 0x00,
        0xC6, 0x0C, 0x00, 0xC6, 0x0C, 0x00, 0x40, 0x00, 0xC7, 0x0C, 0x00, 0xC8, 0x0C, 0x00, 0x40, 0x00,
        0xCA, 0x0C, 0x00, 0xCB, 0x0C, 0x00, 0x40, 0x00, 0xCC, 0x0C, 0x00, 0xCD, 0x0C, 0x00, 0x40, 0x00,
        0xD5, 0x0C, 0x00, 0xD6, 0x0C, 0x00, 0x40, 0x00, 0xDC, 0x0C, 0x00, 0xDE, 0x0C, 0x00, 0x40, 0x00,
        0xE0, 0x0C, 0x00, 0xE1, 0x0C, 0x00, 0x40, 0x00, 0xE2, 0x0C, 0x00, 0xE3, 0x0C, 0x00, 0x40, 0x00,
        0xE6, 0x0C, 0x00, 0xEF, 0x0C, 0x00, 0x40, 0x00, 0xF1, 0x0C, 0x00, 0xF2, 0x0C, 0x00, 0x40, 0x00,
        0xF3, 0x0C, 0x00, 0xF3, 0x0C, 0x00, 0x40, 0x00, 0x00, 0x0D, 0x00, 0x01, 0x0D, 0x00, 0x56, 0x00,
        0x02, 0x0D, 0x00, 0x03, 0x0D, 0x00, 0x56, 0x00, 0x04, 0x0D, 0x00, 0x0C, 0x0D, 0x00, 0x56, 0x00,
        0x0E, 0x0D, 0x00, 0x10, 0x0D, 0x00, 0x56, 0x00, 0x12, 0x0D, 0x00, 0x3A, 0x0D, 0x00, 0x56, 0x00,
        0x3B, 0x0D, 0x00, 0x3C, 0x0D, 0x00, 0x56, 0x00, 0x3D, 0x0D, 0x00, 0x3D, 0x0D, 0x00, 0x56, 0x00,
        0x3E, 0x0D, 0x00, 0x40, 0x0D, 0x00, 0x56, 0x00, 0x41, 0x0D, 0x00, 0x44, 0x0D, 0x00, 0x56, 0x00,
        0x46, 0x0D, 0x00, 0x48, 0x0D, 0x00, 0x56, 0x00, 0x4A, 0x0D, 0x00, 0x4C, 0x0D, 0x00, 0x56, 0x00,
        0x4D, 0x0D, 0x00, 0x4D, 0x0D, 0x00, 0x56, 0x00, 0x4E, 0x0D, 0x00, 0x4E, 0x0D, 0x00, 0x56, 0x00,
        0x4F, 0x0D, 0x00, 0x4F, 0x0D, 0x00, 0x56, 0x00, 0x54, 0x0D, 0x00, 0x56, 0x0D, 0x00, 0x56, 0x00,
        0x57, 0x0D, 0x00, 0x57, 0x0D, 0x00, 0x56, 0x00, 0x58, 0x0D, 0x00, 0x5E, 0x0D, 0x00, 0x56, 0x00,
        0x5F, 0x0D, 0x00, 0x61, 0x0D, 0x00, 0x56, 0x00, 0x62, 0x0D, 0x00, 0x63, 0x0D, 0x00, 0x56, 0x00,
        0x66, 0x0D, 0x00, 0x6F, 0x0D, 0x00, 0x56, 0x00, 0x70, 0x0D, 0x00, 0x78, 0x0D, 0x00, 0x56, 0x00,
        0x79, 0x0D, 0x00, 0x79, 0x0D, 0x00, 0x56, 0x00, 0x7A, 0x0D, 0x00, 0x7F, 0x0D, 0x00, 0x56, 0x00,
        0x81, 0x0D, 0x00, 0x81, 0x0D, 0x00, 0x8C, 0x00, 0x82, 0x0D, 0x00, 0x83, 0x0D, 0x00, 0x8C, 0x00,
        0x85, 0x0D, 0x00, 0x96, 0x0D, 0x00, 0x8C, 0x00, 0x9A, 0x0D, 0x00, 0xB1, 0x0D, 0x00, 0x8C, 0x00,
        0xB3, 0x0D, 0x00, 0xBB, 0x0D, 0x00, 0x8C, 0x00, 0xBD, 0x0D, 0x00, 0xBD, 0x0D, 0x00, 0x8C, 0x00,
        0xC0, 0x0D, 0x00, 0xC6, 0x0D, 0x00, 0x8C, 0x00, 0xCA, 0x0D, 0x00, 0xCA, 0x0D, 0x00, 0x8C, 0x00,
        0xCF, 0x0D, 0x00, 0xD1, 0x0D, 0x00, 0x8C, 0x00, 0xD2, 0x0D, 0x00, 0xD4, 0x0D, 0x00, 0x8C, 0x00,
        0xD6, 0x0D, 0x00, 0xD6, 0x0D, 0x00, 0x8C, 0x00, 0xD8, 0x0D, 0x00, 0xDF, 0x0D, 0x00, 0x8C, 0x00,
        0xE6, 0x0D, 0x00, 0xEF, 0x0D, 0x00, 0x8C, 0x00, 0xF2, 0x0D, 0x00, 0xF3, 0x0D, 0x00, 0x8C, 0x00,
        0xF4, 0x0D, 0x00, 0xF4, 0x0D, 0x00, 0x8C, 0x00, 0x01, 0x0E, 0x00, 0x30, 0x0E, 0x00, 0xA0, 0x00,
        0x31, 0x0E, 0x00, 0x31, 0x0E, 0x00, 0xA0, 0x00, 0x32, 0x0E, 0x00, 0x33, 0x0E, 0x00, 0xA0, 0x00,
        0x34, 0x0E, 0x00, 0x3A, 0x0E, 0x00, 0xA0, 0x00, 0x3F, 0x0E, 0x00, 0x3F, 0x0E, 0x00, 0x1A, 0x00,
        0x40, 0x0E, 0x00, 0x45, 0x0E, 0x00, 0xA0, 0x00, 0x46, 0x0E, 0x00, 0x46, 0x0E, 0x00, 0xA0, 0x00,
        0x47, 0x0E, 0x00, 0x4E, 0x0E, 0x00, 0xA0, 0x00, 0x4F, 0x0E, 0x00, 0x4F, 0x0E, 0x00, 0xA0, 0x00,
        0x50, 0x0E, 0x00, 0x59, 0x0E, 0x00, 0xA0, 0x00, 0x5A, 0x0E, 0x00, 0x5B, 0x0E, 0x00, 0xA0, 0x00,
        0x81, 0x0E, 0x00, 0x82, 0x0E, 0x00, 0x4B, 0x00, 0x84, 0x0E, 0x00, 0x84, 0x0E, 0x00, 0x4B, 0x00,
        0x86, 0x0E, 0x00, 0x8A, 0x0E, 0x00, 0x4B, 0x00, 0x8C, 0x0E, 0x00, 0xA3, 0x0E, 0x00, 0x4B, 0x00,
        0xA5, 0x0E, 0x00, 0xA5, 0x0E, 0x00, 0x4B, 0x00, 0xA7, 0x0E, 0x00, 0xB0, 0x0E, 0x00, 0x4B, 0x00,
        0xB1, 0x0E, 0x00, 0xB1, 0x0E, 0x00, 0x4B, 0x00, 0xB2, 0x0E, 0x00, 0xB3, 0x0E, 0x00, 0x4B, 0x00,
        0xB4, 0x0E, 0x00, 0xBC, 0x0E, 0x00, 0x4B, 0x00, 0xBD, 0x0E, 0x00, 0xBD, 0x0E, 0x00, 0x4B, 0x00,
        0xC0, 0x0E, 0x00, 0xC4, 0x0E, 0x00, 0x4B, 0x00, 0xC6, 0x0E, 0x00, 0xC6, 0x0E, 0x00, 0x4B, 0x00,
        0xC8, 0x0E, 0x00, 0xCE, 0x0E, 0x00, 0x4B, 0x00, 0xD0, 0x0E, 0x00, 0xD9, 0x0E, 0x00, 0x4B, 0x00,
        0xDC, 0x0E, 0x00, 0xDF, 0x0E, 0x00, 0x4B, 0x00, 0x00, 0x0F, 0x00, 0x00, 0x0F, 0x00, 0xA1, 0x00,
        0x01, 0x0F, 0x00, 0x03, 0x0F, 0x00, 0xA1, 0x00, 0x04, 0x0F, 0x00, 0x12, 0x0F, 0x00, 0xA1, 0x00,
        0x13, 0x0F, 0x00, 0x13, 0x0F, 0x00, 0xA1, 0x00, 0x14, 0x0F, 0x00, 0x14, 0x0F, 0x00, 0xA1, 0x00,
        0x15, 0x0F, 0x00, 0x17, 0x0F, 0x00, 0xA1, 0x00, 0x18, 0x0F, 0x00, 0x19, 0x0F, 0x00, 0xA1, 0x00,
        0x1A, 0x0F, 0x00, 0x1F, 0x0F, 0x00, 0xA1, 0x00, 0x20, 0x0F, 0x00, 0x29, 0x0F, 0x00, 0xA1, 0x00,
        0x2A, 0x0F, 0x00, 0x33, 0x0F, 0x00, 0xA1, 0x00, 0x34, 0x0F, 0x00, 0x34, 0x0F, 0x00, 0xA1, 0x00,
        0x35, 0x0F, 0x00, 0x35, 0x0F, 0x00, 0xA1, 0x00, 0x36, 0x0F, 0x00, 0x36, 0x0F, 0x00, 0xA1, 0x00,
        0x37, 0x0F, 0x00, 0x37, 0x0F, 0x00, 0xA1, 0x00, 0x38, 0x0F, 0x00, 0x38, 0x0F, 0x00, 0xA1, 0x00,
        0x39, 0x0F, 0x00, 0x39, 0x0F, 0x00, 0xA1, 0x00, 0x3A, 0x0F, 0x00, 0x3A, 0x0F, 0x00, 0xA1, 0x00,
        0x3B, 0x0F, 0x00, 0x3B, 0x0F, 0x00, 0xA1, 0x00, 0x3C, 0x0F, 0x00, 0x3C, 0x0F, 0x00, 0xA1, 0x00,
        0x3D, 0x0F, 0x00, 0x3D, 0x0F, 0x00, 0xA1, 0x00, 0x3E, 0x0F, 0x00, 0x3F, 0x0F, 0x00, 0xA1, 0x00,
        0x40, 0x0F, 0x00, 0x47, 0x0F, 0x00, 0xA1, 0x00, 0x49, 0x0F, 0x00, 0x6C, 0x0F, 0x00, 0xA1, 0x00,
        0x71, 0x0F, 0x00, 0x7E, 0x0F, 0x00, 0xA1, 0x00, 0x7F, 0x0F, 0x00, 0x7F, 0x0F, 0x00, 0xA1, 0x00,
        0x80, 0x0F, 0x00, 0x84, 0x0F, 0x00, 0xA1, 0x00, 0x85, 0x0F, 0x00, 0x85, 0x0F, 0x00, 0xA1, 0x00,
        0x86, 0x0F, 0x00, 0x87, 0x0F, 0x00, 0xA1, 0x00, 0x88, 0x0F, 0x00, 0x8C, 0x0F, 0x00, 0xA1, 0x00,
        0x8D, 0x0F, 0x00, 0x97, 0x0F, 0x00, 0xA1, 0x00, 0x99, 0x0F, 0x00, 0xBC, 0x0F, 0x00, 0xA1, 0x00,
        0xBE, 0x0F, 0x00, 0xC5, 0x0F, 0x00, 0xA1, 0x00, 0xC6, 0x0F, 0x00, 0xC6, 0x0F, 0x00, 0xA1, 0x00,
        0xC7, 0x0F, 0x00, 0xCC, 0x0F, 0x00, 0xA1, 0x00, 0xCE, 0x0F, 0x00, 0xCF, 0x0F, 0x00, 0xA1, 0x00,
        0xD0, 0x0F, 0x00, 0xD4, 0x0F, 0x00, 0xA1, 0x00, 0xD5, 0x0F, 0x00, 0xD8, 0x0F, 0x00, 0x1A, 0x00,
        0xD9, 0x0F, 0x00, 0xDA, 0x0F, 0x00, 0xA1, 0x00, 0x00, 0x10, 0x00, 0x2A, 0x10, 0x00, 0x65, 0x00,
        0x2B, 0x10, 0x00, 0x2C, 0x10, 0x00, 0x65, 0x00, 0x2D, 0x10, 0x00, 0x30, 0x10, 0x00, 0x65, 0x00,
        0x31, 0x10, 0x00, 0x31, 0x10, 0x00, 0x65, 0x00, 0x32, 0x10, 0x00, 0x37, 0x10, 0x00, 0x65, 0x00,
        0x38, 0x10, 0x00, 0x38, 0x10, 0x00, 0x65, 0x00, 0x39, 0x10, 0x00, 0x3A, 0x10, 0x00, 0x65, 0x00,
        0x3B, 0x10, 0x00, 0x3C, 0x10, 0x00, 0x65, 0x00, 0x3D, 0x10, 0x00, 0x3E, 0x10, 0x00, 0x65, 0x00,
        0x3F, 0x10, 0x00, 0x3F, 0x10, 0x00, 0x65, 0x00, 0x40, 0x10, 0x00, 0x49, 0x10, 0x00, 0x65, 0x00,
        0x4A, 0x10, 0x00, 0x4F, 0x10, 0x00, 0x65, 0x00, 0x50, 0x10, 0x00, 0x55, 0x10, 0x00, 0x65, 0x00,
        0x56, 0x10, 0x00, 0x57, 0x10, 0x00, 0x65, 0x00, 0x58, 0x10, 0x00, 0x59, 0x10, 0x00, 0x65, 0x00,
        0x5A, 0x10, 0x00, 0x5D, 0x10, 0x00, 0x65, 0x00, 0x5E, 0x10, 0x00, 0x60, 0x10, 0x00, 0x65, 0x00,
        0x61, 0x10, 0x00, 0x61, 0x10, 0x00, 0x65, 0x00, 0x62, 0x10, 0x00, 0x64, 0x10, 0x00, 0x65, 0x00,
        0x65, 0x10, 0x00, 0x66, 0x10, 0x00, 0x65, 0x00, 0x67, 0x10, 0x00, 0x6D, 0x10, 0x00, 0x65, 0x00,
        0x6E, 0x10, 0x00, 0x70, 0x10, 0x00, 0x65, 0x00, 0x71, 0x10, 0x00, 0x74, 0x10, 0x00, 0x65, 0x00,
        0x75, 0x10, 0x00, 0x81, 0x10, 0x00, 0x65, 0x00, 0x82, 0x10, 0x00, 0x82, 0x10, 0x00, 0x65, 0x00,
        0x83, 0x10, 0x00, 0x84, 0x10, 0x00, 0x65, 0x00, 0x85, 0x10, 0x00, 0x86, 0x10, 0x00, 0x65, 0x00,
        0x87, 0x10, 0x00, 0x8C, 0x10, 0x00, 0x65, 0x00, 0x8D, 0x10, 0x00, 0x8D, 0x10, 0x00, 0x65, 0x00,
        0x8E, 0x10, 0x00, 0x8E, 0x10, 0x00, 0x65, 0x00, 0x8F, 0x10, 0x00, 0x8F, 0x10, 0x00, 0x65, 0x00,
        0x90, 0x10, 0x00, 0x99, 0x10, 0x00, 0x65, 0x00, 0x9A, 0x10, 0x00, 0x9C, 0x10, 0x00, 0x65, 0x00,
        0x9D, 0x10, 0x00, 0x9D, 0x10, 0x00, 0x65, 0x00, 0x9E, 0x10, 0x00, 0x9F, 0x10, 0x00, 0x65, 0x00,
        0xA0, 0x10, 0x00, 0xC5, 0x10, 0x00, 0x2A, 0x00, 0xC7, 0x10, 0x00, 0xC7, 0x10, 0x00, 0x2A, 0x00,
        0xCD, 0x10, 0x00, 0xCD, 0x10, 0x00, 0x2A, 0x00, 0xD0, 0x10, 0x00, 0xFA, 0x10, 0x00, 0x2A, 0x00,
        0xFB, 0x10, 0x00, 0xFB, 0x10, 0x00, 0x1A, 0x00, 0xFC, 0x10, 0x00, 0xFC, 0x10, 0x00, 0x2A, 0x00,
        0xFD, 0x10, 0x00, 0xFF, 0x10, 0x00, 0x2A, 0x00, 0x00, 0x11, 0x00, 0xFF, 0x11, 0x00, 0x34, 0x00,
        0x00, 0x12, 0x00, 0x48, 0x12, 0x00, 0x28, 0x00, 0x4A, 0x12, 0x00, 0x4D, 0x12, 0x00, 0x28, 0x00,
        0x50, 0x12, 0x00, 0x56, 0x12, 0x00, 0x28, 0x00, 0x58, 0x12, 0x00, 0x58, 0x12, 0x00, 0x28, 0x00,
        0x5A, 0x12, 0x00, 0x5D, 0x12, 0x00, 0x28, 0x00, 0x60, 0x12, 0x00, 0x88, 0x12, 0x00, 0x28, 0x00,
        0x8A, 0x12, 0x00, 0x8D, 0x12, 0x00, 0x28, 0x00, 0x90, 0x12, 0x00, 0xB0, 0x12, 0x00, 0x28, 0x00,
        0xB2, 0x12, 0x00, 0xB5, 0x12, 0x00, 0x28, 0x00, 0xB8, 0x12, 0x00, 0xBE, 0x12, 0x00, 0x28, 0x00,
        0xC0, 0x12, 0x00, 0xC0, 0x12, 0x00, 0x28, 0x00, 0xC2, 0x12, 0x00, 0xC5, 0x12, 0x00, 0x28, 0x00,
        0xC8, 0x12, 0x00, 0xD6, 0x12, 0x00, 0x28, 0x00, 0xD8, 0x12, 0x00, 0x10, 0x13, 0x00, 0x28, 0x00,
        0x12, 0x13, 0x00, 0x15, 0x13, 0x00, 0x28, 0x00, 0x18, 0x13, 0x00, 0x5A, 0x13, 0x00, 0x28, 0x00,
        0x5D, 0x13, 0x00, 0x5F, 0x13, 0x00, 0x28, 0x00, 0x60, 0x13, 0x00, 0x68, 0x13, 0x00, 0x28, 0x00,
        0x69, 0x13, 0x00, 0x7C, 0x13, 0x00, 0x28, 0x00, 0x80, 0x13, 0x00, 0x8F, 0x13, 0x00, 0x28, 0x00,
        0x90, 0x13, 0x00, 0x99, 0x13, 0x00, 0x28, 0x00, 0xA0, 0x13, 0x00, 0xF5, 0x13, 0x00, 0x18, 0x00,
        0xF8, 0x13, 0x00, 0xFD, 0x13, 0x00, 0x18, 0x00, 0x00, 0x14, 0x00, 0x00, 0x14, 0x00, 0x13, 0x00,
        0x01, 0x14, 0x00, 0x6C, 0x16, 0x00, 0x13, 0x00, 0x6D, 0x16, 0x00, 0x6D, 0x16, 0x00, 0x13, 0x00,
        0x6E, 0x16, 0x00, 0x6E, 0x16, 0x00, 0x13, 0x00, 0x6F, 0x16, 0x00, 0x7F, 0x16, 0x00, 0x13, 0x00,
        0x80, 0x16, 0x00, 0x80, 0x16, 0x00, 0x6E, 0x00, 0x81, 0x16, 0x00, 0x9A, 0x16, 0x00, 0x6E, 0x00,
        0x9B, 0x16, 0x00, 0x9B, 0x16, 0x00, 0x6E, 0x00, 0x9C, 0x16, 0x00, 0x9C, 0x16, 0x00, 0x6E, 0x00,
        0xA0, 0x16, 0x00, 0xEA, 0x16, 0x00, 0x84, 0x00, 0xEB, 0x16, 0x00, 0xED, 0x16, 0x00, 0x1A, 0x00,
        0xEE, 0x16, 0x00, 0xF0, 0x16, 0x00, 0x84, 0x00, 0xF1, 0x16, 0x00, 0xF8, 0x16, 0x00, 0x84, 0x00,
        0x00, 0x17, 0x00, 0x11, 0x17, 0x00, 0x94, 0x00, 0x12, 0x17, 0x00, 0x14, 0x17, 0x00, 0x94, 0x00,
        0x15, 0x17, 0x00, 0x15, 0x17, 0x00, 0x94, 0x00, 0x1F, 0x17, 0x00, 0x1F, 0x17, 0x00, 0x94, 0x00,
        0x20, 0x17, 0x00, 0x31, 0x17, 0x00, 0x36, 0x00, 0x32, 0x17, 0x00, 0x33, 0x17, 0x00, 0x36, 0x00,
        0x34, 0x17, 0x00, 0x34, 0x17, 0x00, 0x36, 0x00, 0x35, 0x17, 0x00, 0x36, 0x17, 0x00, 0x1A, 0x00,
        0x40, 0x17, 0x00, 0x51, 0x17, 0x00, 0x12, 0x00, 0x52, 0x17, 0x00, 0x53, 0x17, 0x00, 0x12, 0x00,
        0x60, 0x17, 0x00, 0x6C, 0x17, 0x00, 0x95, 0x00, 0x6E, 0x17, 0x00, 0x70, 0x17, 0x00, 0x95, 0x00,
        0x72, 0x17, 0x00, 0x73, 0x17, 0x00, 0x95, 0x00, 0x80, 0x17, 0x00, 0xB3, 0x17, 0x00, 0x47, 0x00,
        0xB4, 0x17, 0x00, 0xB5, 0x17, 0x00, 0x47, 0x00, 0xB6, 0x17, 0x00, 0xB6, 0x17, 0x00, 0x47, 0x00,
        0xB7, 0x17, 0x00, 0xBD, 0x17, 0x00, 0x47, 0x00, 0xBE, 0x17, 0x00, 0xC5, 0x17, 0x00, 0x47, 0x00,
        0xC6, 0x17, 0x00, 0xC6, 0x17, 0x00, 0x47, 0x00, 0xC7, 0x17, 0x00, 0xC8, 0x17, 0x00, 0x47, 0x00,
        0xC9, 0x17, 0x00, 0xD3, 0x17, 0x00, 0x47, 0x00, 0xD4, 0x17, 0x00, 0xD6, 0x17, 0x00, 0x47, 0x00,
        0xD7, 0x17, 0x00, 0xD7, 0x17, 0x00, 0x47, 0x00, 0xD8, 0x17, 0x00, 0xDA, 0x17, 0x00, 0x47, 0x00,
        0xDB, 0x17, 0x00, 0xDB, 0x17, 0x00, 0x47, 0x00, 0xDC, 0x17, 0x00, 0xDC, 0x17, 0x00, 0x47, 0x00,
        0xDD, 0x17, 0x00, 0xDD, 0x17, 0x00, 0x47, 0x00, 0xE0, 0x17, 0x00, 0xE9, 0x17, 0x00, 0x47, 0x00,
        0xF0, 0x17, 0x00, 0xF9, 0x17, 0x00, 0x47, 0x00, 0x00, 0x18, 0x00, 0x01, 0x18, 0x00, 0x62, 0x00,
        0x02, 0x18, 0x00, 0x03, 0x18, 0x00, 0x1A, 0x00, 0x04, 0x18, 0x00, 0x04, 0x18, 0x00, 0x62, 0x00,
        0x05, 0x18, 0x00, 0x05, 0x18, 0x00, 0x1A, 0x00, 0x06, 0x18, 0x00, 0x06, 0x18, 0x00, 0x62, 0x00,
        0x07, 0x18, 0x00, 0x0A, 0x18, 0x00, 0x62, 0x00, 0x0B, 0x18, 0x00, 0x0D, 0x18, 0x00, 0x62, 0x00,
        0x0E, 0x18, 0x00, 0x0E, 0x18, 0x00, 0x62, 0x00, 0x0F, 0x18, 0x00, 0x0F, 0x18, 0x00, 0x62, 0x00,
        0x10, 0x18, 0x00, 0x19, 0x18, 0x00, 0x62, 0x00, 0x20, 0x18, 0x00, 0x42, 0x18, 0x00, 0x62, 0x00,
        0x43, 0x18, 0x00, 0x43, 0x18, 0x00, 0x62, 0x00, 0x44, 0x18, 0x00, 0x78, 0x18, 0x00, 0x62, 0x00,
        0x80, 0x18, 0x00, 0x84, 0x18, 0x00, 0x62, 0x00, 0x85, 0x18, 0x00, 0x86, 0x18, 0x00, 0x62, 0x00,
        0x87, 0x18, 0x00, 0xA8, 0x18, 0x00, 0x62, 0x00, 0xA9, 0x18, 0x00, 0xA9, 0x18, 0x00, 0x62, 0x00,
        0xAA, 0x18, 0x00, 0xAA, 0x18, 0x00, 0x62, 0x00, 0xB0, 0x18, 0x00, 0xF5, 0x18, 0x00, 0x13, 0x00,
        0x00, 0x19, 0x00, 0x1E, 0x19, 0x00, 0x4E, 0x00, 0x20, 0x19, 0x00, 0x22, 0x19, 0x00, 0x4E, 0x00,
        0x23, 0x19, 0x00, 0x26, 0x19, 0x00, 0x4E, 0x00, 0x27, 0x19, 0x00, 0x28, 0x19, 0x00, 0x4E, 0x00,
        0x29, 0x19, 0x00, 0x2B, 0x19, 0x00, 0x4E, 0x00, 0x30, 0x19, 0x00, 0x31, 0x19, 0x00, 0x4E, 0x00,
        0x32, 0x19, 0x00, 0x32, 0x19, 0x00, 0x4E, 0x00, 0x33, 0x19, 0x00, 0x38, 0x19, 0x00, 0x4E, 0x00,
        0x39, 0x19, 0x00, 0x3B, 0x19, 0x00, 0x4E, 0x00, 0x40, 0x19, 0x00, 0x40, 0x19, 0x00, 0x4E, 0x00,
        0x44, 0x19, 0x00, 0x45, 0x19, 0x00, 0x4E, 0x00, 0x46, 0x19, 0x00, 0x4F, 0x19, 0x00, 0x4E, 0x00,
        0x50, 0x19, 0x00, 0x6D, 0x19, 0x00, 0x96, 0x00, 0x70, 0x19, 0x00, 0x74, 0x19, 0x00, 0x96, 0x00,
        0x80, 0x19, 0x00, 0xAB, 0x19, 0x00, 0x69, 0x00, 0xB0, 0x19, 0x00, 0xC9, 0x19, 0x00, 0x69, 0x00,
        0xD0, 0x19, 0x00, 0xD9, 0x19, 0x00, 0x69, 0x00, 0xDA, 0x19, 0x00, 0xDA, 0x19, 0x00, 0x69, 0x00,
        0xDE, 0x19, 0x00, 0xDF, 0x19, 0x00, 0x69, 0x00, 0xE0, 0x19, 0x00, 0xFF, 0x19, 0x00, 0x47, 0x00,
        0x00, 0x1A, 0x00, 0x16, 0x1A, 0x00, 0x11, 0x00, 0x17, 0x1A, 0x00, 0x18, 0x1A, 0x00, 0x11, 0x00,
        0x19, 0x1A, 0x00, 0x1A, 0x1A, 0x00, 0x11, 0x00, 0x1B, 0x1A, 0x00, 0x1B, 0x1A, 0x00, 0x11, 0x00,
        0x1E, 0x1A, 0x00, 0x1F, 0x1A, 0x00, 0x11, 0x00, 0x20, 0x1A, 0x00, 0x54, 0x1A, 0x00, 0x97, 0x00,
        0x55, 0x1A, 0x00, 0x55, 0x1A, 0x00, 0x97, 0x00, 0x56, 0x1A, 0x00, 0x56, 0x1A, 0x00, 0x97, 0x00,
        0x57, 0x1A, 0x00, 0x57, 0x1A, 0x00, 0x97, 0x00, 0x58, 0x1A, 0x00, 0x5E, 0x1A, 0x00, 0x97, 0x00,
        0x60, 0x1A, 0x00, 0x60, 0x1A, 0x00, 0x97, 0x00, 0x61, 0x1A, 0x00, 0x61, 0x1A, 0x00, 0x97, 0x00,
        0x62, 0x1A, 0x00, 0x62, 0x1A, 0x00, 0x97, 0x00, 0x63, 0x1A, 0x00, 0x64, 0x1A, 0x00, 0x97, 0x00,
        0x65, 0x1A, 0x00, 0x6C, 0x1A, 0x00, 0x97, 0x00, 0x6D, 0x1A, 0x00, 0x72, 0x1A, 0x00, 0x97, 0x00,
        0x73, 0x1A, 0x00, 0x7C, 0x1A, 0x00, 0x97, 0x00, 0x7F, 0x1A, 0x00, 0x7F, 0x1A, 0x00, 0x97, 0x00,
        0x80, 0x1A, 0x00, 0x89, 0x1A, 0x00, 0x97, 0x00, 0x90, 0x1A, 0x00, 0x99, 0x1A, 0x00, 0x97, 0x00,
        0xA0, 0x1A, 0x00, 0xA6, 0x1A, 0x00, 0x97, 0x00, 0xA7, 0x1A, 0x00, 0xA7, 0x1A, 0x00, 0x97, 0x00,
        0xA8, 0x1A, 0x00, 0xAD, 0x1A, 0x00, 0x97, 0x00, 0xB0, 0x1A, 0x00, 0xBD, 0x1A, 0x00, 0x3B, 0x00,
        0xBE, 0x1A, 0x00, 0xBE, 0x1A, 0x00, 0x3B, 0x00, 0xBF, 0x1A, 0x00, 0xDD, 0x1A, 0x00, 0x3B, 0x00,
        0xE0, 0x1A, 0x00, 0xEB, 0x1A, 0x00, 0x3B, 0x00, 0x00, 0x1B, 0x00, 0x03, 0x1B, 0x00, 0x07, 0x00,
        0x04, 0x1B, 0x00, 0x04, 0x1B, 0x00, 0x07, 0x00, 0x05, 0x1B, 0x00, 0x33, 0x1B, 0x00, 0x07, 0x00,
        0x34, 0x1B, 0x00, 0x34, 0x1B, 0x00, 0x07, 0x00, 0x35, 0x1B, 0x00, 0x35, 0x1B, 0x00, 0x07, 0x00,
        0x36, 0x1B, 0x00, 0x3A, 0x1B, 0x00, 0x07, 0x00, 0x3B, 0x1B, 0x00, 0x3B, 0x1B, 0x00, 0x07, 0x00,
        0x3C, 0x1B, 0x00, 0x3C, 0x1B, 0x00, 0x07, 0x00, 0x3D, 0x1B, 0x00, 0x41, 0x1B, 0x00, 0x07, 0x00,
        0x42, 0x1B, 0x00, 0x42, 0x1B, 0x00, 0x07, 0x00, 0x43, 0x1B, 0x00, 0x44, 0x1B, 0x00, 0x07, 0x00,
        0x45, 0x1B, 0x00, 0x4C, 0x1B, 0x00, 0x07, 0x00, 0x4E, 0x1B, 0x00, 0x4F, 0x1B, 0x00, 0x07, 0x00,
        0x50, 0x1B, 0x00, 0x59, 0x1B, 0x00, 0x07, 0x00, 0x5A, 0x1B, 0x00, 0x60, 0x1B, 0x00, 0x07, 0x00,
        0x61, 0x1B, 0x00, 0x6A, 0x1B, 0x00, 0x07, 0x00, 0x6B, 0x1B, 0x00, 0x73, 0x1B, 0x00, 0x07, 0x00,
        0x74, 0x1B, 0x00, 0x7C, 0x1B, 0x00, 0x07, 0x00, 0x7D, 0x1B, 0x00, 0x7F, 0x1B, 0x00, 0x07, 0x00,
        0x80, 0x1B, 0x00, 0x81, 0x1B, 0x00, 0x90, 0x00, 0x82, 0x1B, 0x00, 0x82, 0x1B, 0x00, 0x90, 0x00,
        0x83, 0x1B, 0x00, 0xA0, 0x1B, 0x00, 0x90, 0x00, 0xA1, 0x1B, 0x00, 0xA1, 0x1B, 0x00, 0x90, 0x00,
        0xA2, 0x1B, 0x00, 0xA5, 0x1B, 0x00, 0x90, 0x00, 0xA6, 0x1B, 0x00, 0xA7, 0x1B, 0x00, 0x90, 0x00,
        0xA8, 0x1B, 0x00, 0xA9, 0x1B, 0x00, 0x90, 0x00, 0xAA, 0x1B, 0x00, 0xAA, 0x1B, 0x00, 0x90, 0x00,
        0xAB, 0x1B, 0x00, 0xAD, 0x1B, 0x00, 0x90, 0x00, 0xAE, 0x1B, 0x00, 0xAF, 0x1B, 0x00, 0x90, 0x00,
        0xB0, 0x1B, 0x00, 0xB9, 0x1B, 0x00, 0x90, 0x00, 0xBA, 0x1B, 0x00, 0xBF, 0x1B, 0x00, 0x90, 0x00,
        0xC0, 0x1B, 0x00, 0xE5, 0x1B, 0x00, 0x0A, 0x00, 0xE6, 0x1B, 0x00, 0xE6, 0x1B, 0x00, 0x0A, 0x00,
        0xE7, 0x1B, 0x00, 0xE7, 0x1B, 0x00, 0x0A, 0x00, 0xE8, 0x1B, 0x00, 0xE9, 0x1B, 0x00, 0x0A, 0x00,
        0xEA, 0x1B, 0x00, 0xEC, 0x1B, 0x00, 0x0A, 0x00, 0xED, 0x1B, 0x00, 0xED, 0x1B, 0x00, 0x0A, 0x00,
        0xEE, 0x1B, 0x00, 0xEE, 0x1B, 0x00, 0x0A, 0x00, 0xEF, 0x1B, 0x00, 0xF1, 0x1B, 0x00, 0x0A, 0x00,
        0xF2, 0x1B, 0x00, 0xF3, 0x1B, 0x00, 0x0A, 0x00, 0xFC, 0x1B, 0x00, 0xFF, 0x1B, 0x00, 0x0A, 0x00,
        0x00, 0x1C, 0x00, 0x23, 0x1C, 0x00, 0x4D, 0x00, 0x24, 0x1C, 0x00, 0x2B, 0x1C, 0x00, 0x4D, 0x00,
        0x2C, 0x1C, 0x00, 0x33, 0x1C, 0x00, 0x4D, 0x00, 0x34, 0x1C, 0x00, 0x35, 0x1C, 0x00, 0x4D, 0x00,
        0x36, 0x1C, 0x00, 0x37, 0x1C, 0x00, 0x4D, 0x00, 0x3B, 0x1C, 0x00, 0x3F, 0x1C, 0x00, 0x4D, 0x00,
        0x40, 0x1C, 0x00, 0x49, 0x1C, 0x00, 0x4D, 0x00, 0x4D, 0x1C, 0x00, 0x4F, 0x1C, 0x00, 0x4D, 0x00,
        0x50, 0x1C, 0x00, 0x59, 0x1C, 0x00, 0x6F, 0x00, 0x5A, 0x1C, 0x00, 0x77, 0x1C, 0x00, 0x6F, 0x00,
        0x78, 0x1C, 0x00, 0x7D, 0x1C, 0x00, 0x6F, 0x00, 0x7E, 0x1C, 0x00, 0x7F, 0x1C, 0x00, 0x6F, 0x00,
        0x80, 0x1C, 0x00, 0x8A, 0x1C, 0x00, 0x1F, 0x00, 0x90, 0x1C, 0x00, 0xBA, 0x1C, 0x00, 0x2A, 0x00,
        0xBD, 0x1C, 0x00, 0xBF, 0x1C, 0x00, 0x2A, 0x00, 0xC0, 0x1C, 0x00, 0xC7, 0x1C, 0x00, 0x90, 0x00,
        0xD0, 0x1C, 0x00, 0xD2, 0x1C, 0x00, 0x3B, 0x00, 0xD3, 0x1C, 0x00, 0xD3, 0x1C, 0x00, 0x1A, 0x00,
        0xD4, 0x1C, 0x00, 0xE0, 0x1C, 0x00, 0x3B, 0x00, 0xE1, 0x1C, 0x00, 0xE1, 0x1C, 0x00, 0x1A, 0x00,
        0xE2, 0x1C, 0x00, 0xE8, 0x1C, 0x00, 0x3B, 0x00, 0xE9, 0x1C, 0x00, 0xEC, 0x1C, 0x00, 0x1A, 0x00,
        0xED, 0x1C, 0x00, 0xED, 0x1C, 0x00, 0x3B, 0x00, 0xEE, 0x1C, 0x00, 0xF3, 0x1C, 0x00, 0x1A, 0x00,
        0xF4, 0x1C, 0x00, 0xF4, 0x1C, 0x00, 0x3B, 0x00, 0xF5, 0x1C, 0x00, 0xF6, 0x1C, 0x00, 0x1A, 0x00,
        0xF7, 0x1C, 0x00, 0xF7, 0x1C, 0x00, 0x1A, 0x00, 0xF8, 0x1C, 0x00, 0xF9, 0x1C, 0x00, 0x3B, 0x00,
        0xFA, 0x1C, 0x00, 0xFA, 0x1C, 0x00, 0x1A, 0x00, 0x00, 0x1D, 0x00, 0x25, 0x1D, 0x00, 0x4C, 0x00,
        0x26, 0x1D, 0x00, 0x2A, 0x1D, 0x00, 0x2E, 0x00, 0x2B, 0x1D, 0x00, 0x2B, 0x1D, 0x00, 0x1F, 0x00,
        0x2C, 0x1D, 0x00, 0x5C, 0x1D, 0x00, 0x4C, 0x00, 0x5D, 0x1D, 0x00, 0x61, 0x1D, 0x00, 0x2E, 0x00,
        0x62, 0x1D, 0x00, 0x65, 0x1D, 0x00, 0x4C, 0x00, 0x66, 0x1D, 0x00, 0x6A, 0x1D, 0x00, 0x2E, 0x00,
        0x6B, 0x1D, 0x00, 0x77, 0x1D, 0x00, 0x4C, 0x00, 0x78, 0x1D, 0x00, 0x78, 0x1D, 0x00, 0x1F, 0x00,
        0x79, 0x1D, 0x00, 0x9A, 0x1D, 0x00, 0x4C, 0x00, 0x9B, 0x1D, 0x00, 0xBE, 0x1D, 0x00, 0x4C, 0x00,
        0xBF, 0x1D, 0x00, 0xBF, 0x1D, 0x00, 0x2E, 0x00, 0xC0, 0x1D, 0x00, 0xFF, 0x1D, 0x00, 0x3B, 0x00,
        0x00, 0x1E, 0x00, 0xFF, 0x1E, 0x00, 0x4C, 0x00, 0x00, 0x1F, 0x00, 0x15, 0x1F, 0x00, 0x2E, 0x00,
        0x18, 0x1F, 0x00, 0x1D, 0x1F, 0x00, 0x2E, 0x00, 0x20, 0x1F, 0x00, 0x45, 0x1F, 0x00, 0x2E, 0x00,
        0x48, 0x1F, 0x00, 0x4D, 0x1F, 0x00, 0x2E, 0x00, 0x50, 0x1F, 0x00, 0x57, 0x1F, 0x00, 0x2E, 0x00,
        0x59, 0x1F, 0x00, 0x59, 0x1F, 0x00, 0x2E, 0x00, 0x5B, 0x1F, 0x00, 0x5B, 0x1F, 0x00, 0x2E, 0x00,
        0x5D, 0x1F, 0x00, 0x5D, 0x1F, 0x00, 0x2E, 0x00, 0x5F, 0x1F, 0x00, 0x7D, 0x1F, 0x00, 0x2E, 0x00,
        0x80, 0x1F, 0x00, 0xB4, 0x1F, 0x00, 0x2E, 0x00, 0xB6, 0x1F, 0x00, 0xBC, 0x1F, 0x00, 0x2E, 0x00,
        0xBD, 0x1F, 0x00, 0xBD, 0x1F, 0x00, 0x2E, 0x00, 0xBE, 0x1F, 0x00, 0xBE, 0x1F, 0x00, 0x2E, 0x00,
        0xBF, 0x1F, 0x00, 0xC1, 0x1F, 0x00, 0x2E, 0x00, 0xC2, 0x1F, 0x00, 0xC4, 0x1F, 0x00, 0x2E, 0x00,
        0xC6, 0x1F, 0x00, 0xCC, 0x1F, 0x00, 0x2E, 0x00, 0xCD, 0x1F, 0x00, 0xCF, 0x1F, 0x00, 0x2E, 0x00,
        0xD0, 0x1F, 0x00, 0xD3, 0x1F, 0x00, 0x2E, 0x00, 0xD6, 0x1F, 0x00, 0xDB, 0x1F, 0x00, 0x2E, 0x00,
        0xDD, 0x1F, 0x00, 0xDF, 0x1F, 0x00, 0x2E, 0x00, 0xE0, 0x1F, 0x00, 0xEC, 0x1F, 0x00, 0x2E, 0x00,
        0xED, 0x1F, 0x00, 0xEF, 0x1F, 0x00, 0x2E, 0x00, 0xF2, 0x1F, 0x00, 0xF4, 0x1F, 0x00, 0x2E, 0x00,
        0xF6, 0x1F, 0x00, 0xFC, 0x1F, 0x00, 0x2E, 0x00, 0xFD, 0x1F, 0x00, 0xFE, 0x1F, 0x00, 0x2E, 0x00,
        0x00, 0x20, 0x00, 0x0A, 0x20, 0x00, 0x1A, 0x00, 0x0B, 0x20, 0x00, 0x0B, 0x20, 0x00, 0x1A, 0x00,
        0x0C, 0x20, 0x00, 0x0D, 0x20, 0x00, 0x3B, 0x00, 0x0E, 0x20, 0x00, 0x0F, 0x20, 0x00, 0x1A, 0x00,
        0x10, 0x20, 0x00, 0x15, 0x20, 0x00, 0x1A, 0x00, 0x16, 0x20, 0x00, 0x17, 0x20, 0x00, 0x1A, 0x00,
        0x18, 0x20, 0x00, 0x18, 0x20, 0x00, 0x1A, 0x00, 0x19, 0x20, 0x00, 0x19, 0x20, 0x00, 0x1A, 0x00,
        0x1A, 0x20, 0x00, 0x1A, 0x20, 0x00, 0x1A, 0x00, 0x1B, 0x20, 0x00, 0x1C, 0x20, 0x00, 0x1A, 0x00,
        0x1D, 0x20, 0x00, 0x1D, 0x20, 0x00, 0x1A, 0x00, 0x1E, 0x20, 0x00, 0x1E, 0x20, 0x00, 0x1A, 0x00,
        0x1F, 0x20, 0x00, 0x1F, 0x20, 0x00, 0x1A, 0x00, 0x20, 0x20, 0x00, 0x27, 0x20, 0x00, 0x1A, 0x00,
        0x28, 0x20, 0x00, 0x28, 0x20, 0x00, 0x1A, 0x00, 0x29, 0x20, 0x00, 0x29, 0x20, 0x00, 0x1A, 0x00,
        0x2A, 0x20, 0x00, 0x2E, 0x20, 0x00, 0x1A, 0x00, 0x2F, 0x20, 0x00, 0x2F, 0x20, 0x00, 0x1A, 0x00,
        0x30, 0x20, 0x00, 0x38, 0x20, 0x00, 0x1A, 0x00, 0x39, 0x20, 0x00, 0x39, 0x20, 0x00, 0x1A, 0x00,
        0x3A, 0x20, 0x00, 0x3A, 0x20, 0x00, 0x1A, 0x00, 0x3B, 0x20, 0x00, 0x3E, 0x20, 0x00, 0x1A, 0x00,
        0x3F, 0x20, 0x00, 0x40, 0x20, 0x00, 0x1A, 0x00, 0x41, 0x20, 0x00, 0x43, 0x20, 0x00, 0x1A, 0x00,
        0x44, 0x20, 0x00, 0x44, 0x20, 0x00, 0x1A, 0x00, 0x45, 0x20, 0x00, 0x45, 0x20, 0x00, 0x1A, 0x00,
        0x46, 0x20, 0x00, 0x46, 0x20, 0x00, 0x1A, 0x00, 0x47, 0x20, 0x00, 0x51, 0x20, 0x00, 0x1A, 0x00,
        0x52, 0x20, 0x00, 0x52, 0x20, 0x00, 0x1A, 0x00, 0x53, 0x20, 0x00, 0x53, 0x20, 0x00, 0x1A, 0x00,
        0x54, 0x20, 0x00, 0x54, 0x20, 0x00, 0x1A, 0x00, 0x55, 0x20, 0x00, 0x5E, 0x20, 0x00, 0x1A, 0x00,
        0x5F, 0x20, 0x00, 0x5F, 0x20, 0x00, 0x1A, 0x00, 0x60, 0x20, 0x00, 0x64, 0x20, 0x00, 0x1A, 0x00,
        0x66, 0x20, 0x00, 0x6F, 0x20, 0x00, 0x1A, 0x00, 0x70, 0x20, 0x00, 0x70, 0x20, 0x00, 0x1A, 0x00,
        0x71, 0x20, 0x00, 0x71, 0x20, 0x00, 0x4C, 0x00, 0x74, 0x20, 0x00, 0x79, 0x20, 0x00, 0x1A, 0x00,
        0x7A, 0x20, 0x00, 0x7C, 0x20, 0x00, 0x1A, 0x00, 0x7D, 0x20, 0x00, 0x7D, 0x20, 0x00, 0x1A, 0x00,
        0x7E, 0x20, 0x00, 0x7E, 0x20, 0x00, 0x1A, 0x00, 0x7F, 0x20, 0x00, 0x7F, 0x20, 0x00, 0x4C, 0x00,
        0x80, 0x20, 0x00, 0x89, 0x20, 0x00, 0x1A, 0x00, 0x8A, 0x20, 0x00, 0x8C, 0x20, 0x00, 0x1A, 0x00,
        0x8D, 0x20, 0x00, 0x8D, 0x20, 0x00, 0x1A, 0x00, 0x8E, 0x20, 0x00, 0x8E, 0x20, 0x00, 0x1A, 0x00,
        0x90, 0x20, 0x00, 0x9C, 0x20, 0x00, 0x4C, 0x00, 0xA0, 0x20, 0x00, 0xC1, 0x20, 0x00, 0x1A, 0x00,
        0xD0, 0x20, 0x00, 0xDC, 0x20, 0x00, 0x3B, 0x00, 0xDD, 0x20, 0x00, 0xE0, 0x20, 0x00, 0x3B, 0x00,
        0xE1, 0x20, 0x00, 0xE1, 0x20, 0x00, 0x3B, 0x00, 0xE2, 0x20, 0x00, 0xE4, 0x20, 0x00, 0x3B, 0x00,
        0xE5, 0x20, 0x00, 0xF0, 0x20, 0x00, 0x3B, 0x00, 0x00, 0x21, 0x00, 0x01, 0x21, 0x00, 0x1A, 0x00,
        0x02, 0x21, 0x00, 0x02, 0x21, 0x00, 0x1A, 0x00, 0x03, 0x21, 0x00, 0x06, 0x21, 0x00, 0x1A, 0x00,
        0x07, 0x21, 0x00, 0x07, 0x21, 0x00, 0x1A, 0x00, 0x08, 0x21, 0x00, 0x09, 0x21, 0x00, 0x1A, 0x00,
        0x0A, 0x21, 0x00, 0x13, 0x21, 0x00, 0x1A, 0x00, 0x14, 0x21, 0x00, 0x14, 0x21, 0x00, 0x1A, 0x00,
        0x15, 0x21, 0x00, 0x15, 0x21, 0x00, 0x1A, 0x00, 0x16, 0x21, 0x00, 0x17, 0x21, 0x00, 0x1A, 0x00,
        0x18, 0x21, 0x00, 0x18, 0x21, 0x00, 0x1A, 0x00, 0x19, 0x21, 0x00, 0x1D, 0x21, 0x00, 0x1A, 0x00,
        0x1E, 0x21, 0x00, 0x23, 0x21, 0x00, 0x1A, 0x00, 0x24, 0x21, 0x00, 0x24, 0x21, 0x00, 0x1A, 0x00,
        0x25, 0x21, 0x00, 0x25, 0x21, 0x00, 0x1A, 0x00, 0x26, 0x21, 0x00, 0x26, 0x21, 0x00, 0x2E, 0x00,
        0x27, 0x21, 0x00, 0x27, 0x21, 0x00, 0x1A, 0x00, 0x28, 0x21, 0x00, 0x28, 0x21, 0x00, 0x1A, 0x00,
        0x29, 0x21, 0x00, 0x29, 0x21, 0x00, 0x1A, 0x00, 0x2A, 0x21, 0x00, 0x2B, 0x21, 0x00, 0x4C, 0x00,
        0x2C, 0x21, 0x00, 0x2D, 0x21, 0x00, 0x1A, 0x00, 0x2E, 0x21, 0x00, 0x2E, 0x21, 0x00, 0x1A, 0x00,
        0x2F, 0x21, 0x00, 0x31, 0x21, 0x00, 0x1A, 0x00, 0x32, 0x21, 0x00, 0x32, 0x21, 0x00, 0x4C, 0x00,
        0x33, 0x21, 0x00, 0x34, 0x21, 0x00, 0x1A, 0x00, 0x35, 0x21, 0x00, 0x38, 0x21, 0x00, 0x1A, 0x00,
        0x39, 0x21, 0x00, 0x39, 0x21, 0x00, 0x1A, 0x00, 0x3A, 0x21, 0x00, 0x3B, 0x21, 0x00, 0x1A, 0x00,
        0x3C, 0x21, 0x00, 0x3F, 0x21, 0x00, 0x1A, 0x00, 0x40, 0x21, 0x00, 0x44, 0x21, 0x00, 0x1A, 0x00,
        0x45, 0x21, 0x00, 0x49, 0x21, 0x00, 0x1A, 0x00, 0x4A, 0x21, 0x00, 0x4A, 0x21, 0x00, 0x1A, 0x00,
        0x4B, 0x21, 0x00, 0x4B, 0x21, 0x00, 0x1A, 0x00, 0x4C, 0x21, 0x00, 0x4D, 0x21, 0x00, 0x1A, 0x00,
        0x4E, 0x21, 0x00, 0x4E, 0x21, 0x00, 0x4C, 0x00, 0x4F, 0x21, 0x00, 0x4F, 0x21, 0x00, 0x1A, 0x00,
        0x50, 0x21, 0x00, 0x5F, 0x21, 0x00, 0x1A, 0x00, 0x60, 0x21, 0x00, 0x82, 0x21, 0x00, 0x4C, 0x00,
        0x83, 0x21, 0x00, 0x84, 0x21, 0x00, 0x4C, 0x00, 0x85, 0x21, 0x00, 0x88, 0x21, 0x00, 0x4C, 0x00,
        0x89, 0x21, 0x00, 0x89, 0x21, 0x00, 0x1A, 0x00, 0x8A, 0x21, 0x00, 0x8B, 0x21, 0x00, 0x1A, 0x00,
        0x90, 0x21, 0x00, 0x94, 0x21, 0x00, 0x1A, 0x00, 0x95, 0x21, 0x00, 0x99, 0x21, 0x00, 0x1A, 0x00,
        0x9A, 0x21, 0x00, 0x9B, 0x21, 0x00, 0x1A, 0x00, 0x9C, 0x21, 0x00, 0x9F, 0x21, 0x00, 0x1A, 0x00,
        0xA0, 0x21, 0x00, 0xA0, 0x21, 0x00, 0x1A, 0x00, 0xA1, 0x21, 0x00, 0xA2, 0x21, 0x00, 0x1A, 0x00,
        0xA3, 0x21, 0x00, 0xA3, 0x21, 0x00, 0x1A, 0x00, 0xA4, 0x21, 0x00, 0xA5, 0x21, 0x00, 0x1A, 0x00,
        0xA6, 0x21, 0x00, 0xA6, 0x21, 0x00, 0x1A, 0x00, 0xA7, 0x21, 0x00, 0xAD, 0x21, 0x00, 0x1A, 0x00,
        0xAE, 0x21, 0x00, 0xAE, 0x21, 0x00, 0x1A, 0x00, 0xAF, 0x21, 0x00, 0xCD, 0x21, 0x00, 0x1A, 0x00,
        0xCE, 0x21, 0x00, 0xCF, 0x21, 0x00, 0x1A, 0x00, 0xD0, 0x21, 0x00, 0xD1, 0x21, 0x00, 0x1A, 0x00,
        0xD2, 0x21, 0x00, 0xD2, 0x21, 0x00, 0x1A, 0x00, 0xD3, 0x21, 0x00, 0xD3, 0x21, 0x00, 0x1A, 0x00,
        0xD4, 0x21, 0x00, 0xD4, 0x21, 0x00, 0x1A, 0x00, 0xD5, 0x21, 0x00, 0xF3, 0x21, 0x00, 0x1A, 0x00,
        0xF4, 0x21, 0x00, 0xFF, 0x22, 0x00, 0x1A, 0x00, 0x00, 0x23, 0x00, 0x07, 0x23, 0x00, 0x1A, 0x00,
        0x08, 0x23, 0x00, 0x08, 0x23, 0x00, 0x1A, 0x00, 0x09, 0x23, 0x00, 0x09, 0x23, 0x00, 0x1A, 0x00,
        0x0A, 0x23, 0x00, 0x0A, 0x23, 0x00, 0x1A, 0x00, 0x0B, 0x23, 0x00, 0x0B, 0x23, 0x00, 0x1A, 0x00,
        0x0C, 0x23, 0x00, 0x1F, 0x23, 0x00, 0x1A, 0x00, 0x20, 0x23, 0x00, 0x21, 0x23, 0x00, 0x1A, 0x00,
        0x22, 0x23, 0x00, 0x28, 0x23, 0x00, 0x1A, 0x00, 0x29, 0x23, 0x00, 0x29, 0x23, 0x00, 0x1A, 0x00,
        0x2A, 0x23, 0x00, 0x2A, 0x23, 0x00, 0x1A, 0x00, 0x2B, 0x23, 0x00, 0x7B, 0x23, 0x00, 0x1A, 0x00,
        0x7C, 0x23, 0x00, 0x7C, 0x23, 0x00, 0x1A, 0x00, 0x7D, 0x23, 0x00, 0x9A, 0x23, 0x00, 0x1A, 0x00,
        0x9B, 0x23, 0x00, 0xB3, 0x23, 0x00, 0x1A, 0x00, 0xB4, 0x23, 0x00, 0xDB, 0x23, 0x00, 0x1A, 0x00,
        0xDC, 0x23, 0x00, 0xE1, 0x23, 0x00, 0x1A, 0x00, 0xE2, 0x23, 0x00, 0x29, 0x24, 0x00, 0x1A, 0x00,
        0x40, 0x24, 0x00, 0x4A, 0x24, 0x00, 0x1A, 0x00, 0x60, 0x24, 0x00, 0x9B, 0x24, 0x00, 0x1A, 0x00,
        0x9C, 0x24, 0x00, 0xE9, 0x24, 0x00, 0x1A, 0x00, 0xEA, 0x24, 0x00, 0xFF, 0x24, 0x00, 0x1A, 0x00,
        0x00, 0x25, 0x00, 0xB6, 0x25, 0x00, 0x1A, 0x00, 0xB7, 0x25, 0x00, 0xB7, 0x25, 0x00, 0x1A, 0x00,
        0xB8, 0x25, 0x00, 0xC0, 0x25, 0x00, 0x1A, 0x00, 0xC1, 0x25, 0x00, 0xC1, 0x25, 0x00, 0x1A, 0x00,
        0xC2, 0x25, 0x00, 0xF7, 0x25, 0x00, 0x1A, 0x00, 0xF8, 0x25, 0x00, 0xFF, 0x25, 0x00, 0x1A, 0x00,
        0x00, 0x26, 0x00, 0x6E, 0x26, 0x00, 0x1A, 0x00, 0x6F, 0x26, 0x00, 0x6F, 0x26, 0x00, 0x1A, 0x00,
        0x70, 0x26, 0x00, 0x67, 0x27, 0x00, 0x1A, 0x00, 0x68, 0x27, 0x00, 0x68, 0x27, 0x00, 0x1A, 0x00,
        0x69, 0x27, 0x00, 0x69, 0x27, 0x00, 0x1A, 0x00, 0x6A, 0x27, 0x00, 0x6A, 0x27, 0x00, 0x1A, 0x00,
        0x6B, 0x27, 0x00, 0x6B, 0x27, 0x00, 0x1A, 0x00, 0x6C, 0x27, 0x00, 0x6C, 0x27, 0x00, 0x1A, 0x00,
        0x6D, 0x27, 0x00, 0x6D, 0x27, 0x00, 0x1A, 0x00, 0x6E, 0x27, 0x00, 0x6E, 0x27, 0x00, 0x1A, 0x00,
        0x6F, 0x27, 0x00, 0x6F, 0x27, 0x00, 0x1A, 0x00, 0x70, 0x27, 0x00, 0x70, 0x27, 0x00, 0x1A, 0x00,
        0x71, 0x27, 0x00, 0x71, 0x27, 0x00, 0x1A, 0x00, 0x72, 0x27, 0x00, 0x72, 0x27, 0x00, 0x1A, 0x00,
        0x73, 0x27, 0x00, 0x73, 0x27, 0x00, 0x1A, 0x00, 0x74, 0x27, 0x00, 0x74, 0x27, 0x00, 0x1A, 0x00,
        0x75, 0x27, 0x00, 0x75, 0x27, 0x00, 0x1A, 0x00, 0x76, 0x27, 0x00, 0x93, 0x27, 0x00, 0x1A, 0x00,
        0x94, 0x27, 0x00, 0xBF, 0x27, 0x00, 0x1A, 0x00, 0xC0, 0x27, 0x00, 0xC4, 0x27, 0x00, 0x1A, 0x00,
        0xC5, 0x27, 0x00, 0xC5, 0x27, 0x00, 0x1A, 0x00, 0xC6, 0x27, 0x00, 0xC6, 0x27, 0x00, 0x1A, 0x00,
        0xC7, 0x27, 0x00, 0xE5, 0x27, 0x00, 0x1A, 0x00, 0xE6, 0x27, 0x00, 0xE6, 0x27, 0x00, 0x1A, 0x00,
        0xE7, 0x27, 0x00, 0xE7, 0x27, 0x00, 0x1A, 0x00, 0xE8, 0x27, 0x00, 0xE8, 0x27, 0x00, 0x1A, 0x00,
        0xE9, 0x27, 0x00, 0xE9, 0x27, 0x00, 0x1A, 0x00, 0xEA, 0x27, 0x00, 0xEA, 0x27, 0x00, 0x1A, 0x00,
        0xEB, 0x27, 0x00, 0xEB, 0x27, 0x00, 0x1A, 0x00, 0xEC, 0x27, 0x00, 0xEC, 0x27, 0x00, 0x1A, 0x00,
        0xED, 0x27, 0x00, 0xED, 0x27, 0x00, 0x1A, 0x00, 0xEE, 0x27, 0x00, 0xEE, 0x27, 0x00, 0x1A, 0x00,
        0xEF, 0x27, 0x00, 0xEF, 0x27, 0x00, 0x1A, 0x00, 0xF0, 0x27, 0x00, 0xFF, 0x27, 0x00, 0x1A, 0x00,
        0x00, 0x28, 0x00, 0xFF, 0x28, 0x00, 0x10, 0x00, 0x00, 0x29, 0x00, 0x82, 0x29, 0x00, 0x1A, 0x00,
        0x83, 0x29, 0x00, 0x83, 0x29, 0x00, 0x1A, 0x00, 0x84, 0x29, 0x00, 0x84, 0x29, 0x00, 0x1A, 0x00,
        0x85, 0x29, 0x00, 0x85, 0x29, 0x00, 0x1A, 0x00, 0x86, 0x29, 0x00, 0x86, 0x29, 0x00, 0x1A, 0x00,
        0x87, 0x29, 0x00, 0x87, 0x29, 0x00, 0x1A, 0x00, 0x88, 0x29, 0x00, 0x88, 0x29, 0x00, 0x1A, 0x00,
        0x89, 0x29, 0x00, 0x89, 0x29, 0x00, 0x1A, 0x00, 0x8A, 0x29, 0x00, 0x8A, 0x29, 0x00, 0x1A, 0x00,
        0x8B, 0x29, 0x00, 0x8B, 0x29, 0x00, 0x1A, 0x00, 0x8C, 0x29, 0x00, 0x8C, 0x29, 0x00, 0x1A, 0x00,
        0x8D, 0x29, 0x00, 0x8D, 0x29, 0x00, 0x1A, 0x00, 0x8E, 0x29, 0x00, 0x8E, 0x29, 0x00, 0x1A, 0x00,
        0x8F, 0x29, 0x00, 0x8F, 0x29, 0x00, 0x1A, 0x00, 0x90, 0x29, 0x00, 0x90, 0x29, 0x00, 0x1A, 0x00,
        0x91, 0x29, 0x00, 0x91, 0x29, 0x00, 0x1A, 0x00, 0x92, 0x29, 0x00, 0x92, 0x29, 0x00, 0x1A, 0x00,
        0x93, 0x29, 0x00, 0x93, 0x29, 0x00, 0x1A, 0x00, 0x94, 0x29, 0x00, 0x94, 0x29, 0x00, 0x1A, 0x00,
        0x95, 0x29, 0x00, 0x95, 0x29, 0x00, 0x1A, 0x00, 0x96, 0x29, 0x00, 0x96, 0x29, 0x00, 0x1A, 0x00,
        0x97, 0x29, 0x00, 0x97, 0x29, 0x00, 0x1A, 0x00, 0x98, 0x29, 0x00, 0x98, 0x29, 0x00, 0x1A, 0x00,
        0x99, 0x29, 0x00, 0xD7, 0x29, 0x00, 0x1A, 0x00, 0xD8, 0x29, 0x00, 0xD8, 0x29, 0x00, 0x1A, 0x00,
        0xD9, 0x29, 0x00, 0xD9, 0x29, 0x00, 0x1A, 0x00, 0xDA, 0x29, 0x00, 0xDA, 0x29, 0x00, 0x1A, 0x00,
        0xDB, 0x29, 0x00, 0xDB, 0x29, 0x00, 0x1A, 0x00, 0xDC, 0x29, 0x00, 0xFB, 0x29, 0x00, 0x1A, 0x00,
        0xFC, 0x29, 0x00, 0xFC, 0x29, 0x00, 0x1A, 0x00, 0xFD, 0x29, 0x00, 0xFD, 0x29, 0x00, 0x1A, 0x00,
        0xFE, 0x29, 0x00, 0xFF, 0x2A, 0x00, 0x1A, 0x00, 0x00, 0x2B, 0x00, 0x2F, 0x2B, 0x00, 0x1A, 0x00,
        0x30, 0x2B, 0x00, 0x44, 0x2B, 0x00, 0x1A, 0x00, 0x45, 0x2B, 0x00, 0x46, 0x2B, 0x00, 0x1A, 0x00,
        0x47, 0x2B, 0x00, 0x4C, 0x2B, 0x00, 0x1A, 0x00, 0x4D, 0x2B, 0x00, 0x73, 0x2B, 0x00, 0x1A, 0x00,
        0x76, 0x2B, 0x00, 0xFF, 0x2B, 0x00, 0x1A, 0x00, 0x00, 0x2C, 0x00, 0x5F, 0x2C, 0x00, 0x2B, 0x00,
        0x60, 0x2C, 0x00, 0x7B, 0x2C, 0x00, 0x4C, 0x00, 0x7C, 0x2C, 0x00, 0x7D, 0x2C, 0x00, 0x4C, 0x00,
        0x7E, 0x2C, 0x00, 0x7F, 0x2C, 0x00, 0x4C, 0x00, 0x80, 0x2C, 0x00, 0xE4, 0x2C, 0x00, 0x1B, 0x00,
        0xE5, 0x2C, 0x00, 0xEA, 0x2C, 0x00, 0x1B, 0x00, 0xEB, 0x2C, 0x00, 0xEE, 0x2C, 0x00, 0x1B, 0x00,
        0xEF, 0x2C, 0x00, 0xF1, 0x2C, 0x00, 0x1B, 0x00, 0xF2, 0x2C, 0x00, 0xF3, 0x2C, 0x00, 0x1B, 0x00,
        0xF9, 0x2C, 0x00, 0xFC, 0x2C, 0x00, 0x1B, 0x00, 0xFD, 0x2C, 0x00, 0xFD, 0x2C, 0x00, 0x1B, 0x00,
        0xFE, 0x2C, 0x00, 0xFF, 0x2C, 0x00, 0x1B, 0x00, 0x00, 0x2D, 0x00, 0x25, 0x2D, 0x00, 0x2A, 0x00,
        0x27, 0x2D, 0x00, 0x27, 0x2D, 0x00, 0x2A, 0x00, 0x2D, 0x2D, 0x00, 0x2D, 0x2D, 0x00, 0x2A, 0x00,
        0x30, 0x2D, 0x00, 0x67, 0x2D, 0x00, 0xA2, 0x00, 0x6F, 0x2D, 0x00, 0x6F, 0x2D, 0x00, 0xA2, 0x00,
        0x70, 0x2D, 0x00, 0x70, 0x2D, 0x00, 0xA2, 0x00, 0x7F, 0x2D, 0x00, 0x7F, 0x2D, 0x00, 0xA2, 0x00,
        0x80, 0x2D, 0x00, 0x96, 0x2D, 0x00, 0x28, 0x00, 0xA0, 0x2D, 0x00, 0xA6, 0x2D, 0x00, 0x28, 0x00,
        0xA8, 0x2D, 0x00, 0xAE, 0x2D, 0x00, 0x28, 0x00, 0xB0, 0x2D, 0x00, 0xB6, 0x2D, 0x00, 0x28, 0x00,
        0xB8, 0x2D, 0x00, 0xBE, 0x2D, 0x00, 0x28, 0x00, 0xC0, 0x2D, 0x00, 0xC6, 0x2D, 0x00, 0x28, 0x00,
        0xC8, 0x2D, 0x00, 0xCE, 0x2D, 0x00, 0x28, 0x00, 0xD0, 0x2D, 0x00, 0xD6, 0x2D, 0x00, 0x28, 0x00,
        0xD8, 0x2D, 0x00, 0xDE, 0x2D, 0x00, 0x28, 0x00, 0xE0, 0x2D, 0x00, 0xFF, 0x2D, 0x00, 0x1F, 0x00,
        0x00, 0x2E, 0x00, 0x01, 0x2E, 0x00, 0x1A, 0x00, 0x02, 0x2E, 0x00, 0x02, 0x2E, 0x00, 0x1A, 0x00,
        0x03, 0x2E, 0x00, 0x03, 0x2E, 0x00, 0x1A, 0x00, 0x04, 0x2E, 0x00, 0x04, 0x2E, 0x00, 0x1A, 0x00,
        0x05, 0x2E, 0x00, 0x05, 0x2E, 0x00, 0x1A, 0x00, 0x06, 0x2E, 0x00, 0x08, 0x2E, 0x00, 0x1A, 0x00,
        0x09, 0x2E, 0x00, 0x09, 0x2E, 0x00, 0x1A, 0x00, 0x0A, 0x2E, 0x00, 0x0A, 0x2E, 0x00, 0x1A, 0x00,
        0x0B, 0x2E, 0x00, 0x0B, 0x2E, 0x00, 0x1A, 0x00, 0x0C, 0x2E, 0x00, 0x0C, 0x2E, 0x00, 0x1A, 0x00,
        0x0D, 0x2E, 0x00, 0x0D, 0x2E, 0x00, 0x1A, 0x00, 0x0E, 0x2E, 0x00, 0x16, 0x2E, 0x00, 0x1A, 0x00,
        0x17, 0x2E, 0x00, 0x17, 0x2E, 0x00, 0x1A, 0x00, 0x18, 0x2E, 0x00, 0x19, 0x2E, 0x00, 0x1A, 0x00,
        0x1A, 0x2E, 0x00, 0x1A, 0x2E, 0x00, 0x1A, 0x00, 0x1B, 0x2E, 0x00, 0x1B, 0x2E, 0x00, 0x1A, 0x00,
        0x1C, 0x2E, 0x00, 0x1C, 0x2E, 0x00, 0x1A, 0x00, 0x1D, 0x2E, 0x00, 0x1D, 0x2E, 0x00, 0x1A, 0x00,
        0x1E, 0x2E, 0x00, 0x1F, 0x2E, 0x00, 0x1A, 0x00, 0x20, 0x2E, 0x00, 0x20, 0x2E, 0x00, 0x1A, 0x00,
        0x21, 0x2E, 0x00, 0x21, 0x2E, 0x00, 0x1A, 0x00, 0x22, 0x2E, 0x00, 0x22, 0x2E, 0x00, 0x1A, 0x00,
        0x23, 0x2E, 0x00, 0x23, 0x2E, 0x00, 0x1A, 0x00, 0x24, 0x2E, 0x00, 0x24, 0x2E, 0x00, 0x1A, 0x00,
        0x25, 0x2E, 0x00, 0x25, 0x2E, 0x00, 0x1A, 0x00, 0x26, 0x2E, 0x00, 0x26, 0x2E, 0x00, 0x1A, 0x00,
        0x27, 0x2E, 0x00, 0x27, 0x2E, 0x00, 0x1A, 0x00, 0x28, 0x2E, 0x00, 0x28, 0x2E, 0x00, 0x1A, 0x00,
        0x29, 0x2E, 0x00, 0x29, 0x2E, 0x00, 0x1A, 0x00, 0x2A, 0x2E, 0x00, 0x2E, 0x2E, 0x00, 0x1A, 0x00,
        0x2F, 0x2E, 0x00, 0x2F, 0x2E, 0x00, 0x1A, 0x00, 0x30, 0x2E, 0x00, 0x39, 0x2E, 0x00, 0x1A, 0x00,
        0x3A, 0x2E, 0x00, 0x3B, 0x2E, 0x00, 0x1A, 0x00, 0x3C, 0x2E, 0x00, 0x3F, 0x2E, 0x00, 0x1A, 0x00,
        0x40, 0x2E, 0x00, 0x40, 0x2E, 0x00, 0x1A, 0x00, 0x41, 0x2E, 0x00, 0x41, 0x2E, 0x00, 0x1A, 0x00,
        0x42, 0x2E, 0x00, 0x42, 0x2E, 0x00, 0x1A, 0x00, 0x43, 0x2E, 0x00, 0x4F, 0x2E, 0x00, 0x1A, 0x00,
        0x50, 0x2E, 0x00, 0x51, 0x2E, 0x00, 0x1A, 0x00, 0x52, 0x2E, 0x00, 0x54, 0x2E, 0x00, 0x1A, 0x00,
        0x55, 0x2E, 0x00, 0x55, 0x2E, 0x00, 0x1A, 0x00, 0x56, 0x2E, 0x00, 0x56, 0x2E, 0x00, 0x1A, 0x00,
        0x57, 0x2E, 0x00, 0x57, 0x2E, 0x00, 0x1A, 0x00, 0x58, 0x2E, 0x00, 0x58, 0x2E, 0x00, 0x1A, 0x00,
        0x59, 0x2E, 0x00, 0x59, 0x2E, 0x00, 0x1A, 0x00, 0x5A, 0x2E, 0x00, 0x5A, 0x2E, 0x00, 0x1A, 0x00,
        0x5B, 0x2E, 0x00, 0x5B, 0x2E, 0x00, 0x1A, 0x00, 0x5C, 0x2E, 0x00, 0x5C, 0x2E, 0x00, 0x1A, 0x00,
        0x5D, 0x2E, 0x00, 0x5D, 0x2E, 0x00, 0x1A, 0x00, 0x80, 0x2E, 0x00, 0x99, 0x2E, 0x00, 0x33, 0x00,
        0x9B, 0x2E, 0x00, 0xF3, 0x2E, 0x00, 0x33, 0x00, 0x00, 0x2F, 0x00, 0xD5, 0x2F, 0x00, 0x33, 0x00,
        0xF0, 0x2F, 0x00, 0xFF, 0x2F, 0x00, 0x1A, 0x00, 0x00, 0x30, 0x00, 0x00, 0x30, 0x00, 0x1A, 0x00,
        0x01, 0x30, 0x00, 0x03, 0x30, 0x00, 0x1A, 0x00, 0x04, 0x30, 0x00, 0x04, 0x30, 0x00, 0x1A, 0x00,
        0x05, 0x30, 0x00, 0x05, 0x30, 0x00, 0x33, 0x00, 0x06, 0x30, 0x00, 0x06, 0x30, 0x00, 0x1A, 0x00,
        0x07, 0x30, 0x00, 0x07, 0x30, 0x00, 0x33, 0x00, 0x08, 0x30, 0x00, 0x08, 0x30, 0x00, 0x1A, 0x00,
        0x09, 0x30, 0x00, 0x09, 0x30, 0x00, 0x1A, 0x00, 0x0A, 0x30, 0x00, 0x0A, 0x30, 0x00, 0x1A, 0x00,
        0x0B, 0x30, 0x00, 0x0B, 0x30, 0x00, 0x1A, 0x00, 0x0C, 0x30, 0x00, 0x0C, 0x30, 0x00, 0x1A, 0x00,
        0x0D, 0x30, 0x00, 0x0D, 0x30, 0x00, 0x1A, 0x00, 0x0E, 0x30, 0x00, 0x0E, 0x30, 0x00, 0x1A, 0x00,
        0x0F, 0x30, 0x00, 0x0F, 0x30, 0x00, 0x1A, 0x00, 0x10, 0x30, 0x00, 0x10, 0x30, 0x00, 0x1A, 0x00,
        0x11, 0x30, 0x00, 0x11, 0x30, 0x00, 0x1A, 0x00, 0x12, 0x30, 0x00, 0x13, 0x30, 0x00, 0x1A, 0x00,
        0x14, 0x30, 0x00, 0x14, 0x30, 0x00, 0x1A, 0x00, 0x15, 0x30, 0x00, 0x15, 0x30, 0x00, 0x1A, 0x00,
        0x16, 0x30, 0x00, 0x16, 0x30, 0x00, 0x1A, 0x00, 0x17, 0x30, 0x00, 0x17, 0x30, 0x00, 0x1A, 0x00,
        0x18, 0x30, 0x00, 0x18, 0x30, 0x00, 0x1A, 0x00, 0x19, 0x30, 0x00, 0x19, 0x30, 0x00, 0x1A, 0x00,
        0x1A, 0x30, 0x00, 0x1A, 0x30, 0x00, 0x1A, 0x00, 0x1B, 0x30, 0x00, 0x1B, 0x30, 0x00, 0x1A, 0x00,
        0x1C, 0x30, 0x00, 0x1C, 0x30, 0x00, 0x1A, 0x00, 0x1D, 0x30, 0x00, 0x1D, 0x30, 0x00, 0x1A, 0x00,
        0x1E, 0x30, 0x00, 0x1F, 0x30, 0x00, 0x1A, 0x00, 0x20, 0x30, 0x00, 0x20, 0x30, 0x00, 0x1A, 0x00,
        0x21, 0x30, 0x00, 0x29, 0x30, 0x00, 0x33, 0x00, 0x2A, 0x30, 0x00, 0x2D, 0x30, 0x00, 0x3B, 0x00,
        0x2E, 0x30, 0x00, 0x2F, 0x30, 0x00, 0x34, 0x00, 0x30, 0x30, 0x00, 0x30, 0x30, 0x00, 0x1A, 0x00,
        0x31, 0x30, 0x00, 0x35, 0x30, 0x00, 0x1A, 0x00, 0x36, 0x30, 0x00, 0x37, 0x30, 0x00, 0x1A, 0x00,
        0x38, 0x30, 0x00, 0x3A, 0x30, 0x00, 0x33, 0x00, 0x3B, 0x30, 0x00, 0x3B, 0x30, 0x00, 0x33, 0x00,
        0x3C, 0x30, 0x00, 0x3C, 0x30, 0x00, 0x1A, 0x00, 0x3D, 0x30, 0x00, 0x3D, 0x30, 0x00, 0x1A, 0x00,
        0x3E, 0x30, 0x00, 0x3F, 0x30, 0x00, 0x1A, 0x00, 0x41, 0x30, 0x00, 0x96, 0x30, 0x00, 0x39, 0x00,
        0x99, 0x30, 0x00, 0x9A, 0x30, 0x00, 0x3B, 0x00, 0x9B, 0x30, 0x00, 0x9C, 0x30, 0x00, 0x1A, 0x00,
        0x9D, 0x30, 0x00, 0x9E, 0x30, 0x00, 0x39, 0x00, 0x9F, 0x30, 0x00, 0x9F, 0x30, 0x00, 0x39, 0x00,
        0xA0, 0x30, 0x00, 0xA0, 0x30, 0x00, 0x1A, 0x00, 0xA1, 0x30, 0x00, 0xFA, 0x30, 0x00, 0x41, 0x00,
        0xFB, 0x30, 0x00, 0xFB, 0x30, 0x00, 0x1A, 0x00, 0xFC, 0x30, 0x00, 0xFC, 0x30, 0x00, 0x1A, 0x00,
        0xFD, 0x30, 0x00, 0xFE, 0x30, 0x00, 0x41, 0x00, 0xFF, 0x30, 0x00, 0xFF, 0x30, 0x00, 0x41, 0x00,
        0x05, 0x31, 0x00, 0x2F, 0x31, 0x00, 0x0E, 0x00, 0x31, 0x31, 0x00, 0x8E, 0x31, 0x00, 0x34, 0x00,
        0x90, 0x31, 0x00, 0x91, 0x31, 0x00, 0x1A, 0x00, 0x92, 0x31, 0x00, 0x95, 0x31, 0x00, 0x1A, 0x00,
        0x96, 0x31, 0x00, 0x9F, 0x31, 0x00, 0x1A, 0x00, 0xA0, 0x31, 0x00, 0xBF, 0x31, 0x00, 0x0E, 0x00,
        0xC0, 0x31, 0x00, 0xE5, 0x31, 0x00, 0x1A, 0x00, 0xEF, 0x31, 0x00, 0xEF, 0x31, 0x00, 0x1A, 0x00,
        0xF0, 0x31, 0x00, 0xFF, 0x31, 0x00, 0x41, 0x00, 0x00, 0x32, 0x00, 0x1E, 0x32, 0x00, 0x34, 0x00,
        0x20, 0x32, 0x00, 0x29, 0x32, 0x00, 0x1A, 0x00, 0x2A, 0x32, 0x00, 0x47, 0x32, 0x00, 0x1A, 0x00,
        0x48, 0x32, 0x00, 0x4F, 0x32, 0x00, 0x1A, 0x00, 0x50, 0x32, 0x00, 0x50, 0x32, 0x00, 0x1A, 0x00,
        0x51, 0x32, 0x00, 0x5F, 0x32, 0x00, 0x1A, 0x00, 0x60, 0x32, 0x00, 0x7E, 0x32, 0x00, 0x34, 0x00,
        0x7F, 0x32, 0x00, 0x7F, 0x32, 0x00, 0x1A, 0x00, 0x80, 0x32, 0x00, 0x89, 0x32, 0x00, 0x1A, 0x00,
        0x8A, 0x32, 0x00, 0xB0, 0x32, 0x00, 0x1A, 0x00, 0xB1, 0x32, 0x00, 0xBF, 0x32, 0x00, 0x1A, 0x00,
        0xC0, 0x32, 0x00, 0xCF, 0x32, 0x00, 0x1A, 0x00, 0xD0, 0x32, 0x00, 0xFE, 0x32, 0x00, 0x41, 0x00,
        0xFF, 0x32, 0x00, 0xFF, 0x32, 0x00, 0x1A, 0x00, 0x00, 0x33, 0x00, 0x57, 0x33, 0x00, 0x41, 0x00,
        0x58, 0x33, 0x00, 0xFF, 0x33, 0x00, 0x1A, 0x00, 0x00, 0x34, 0x00, 0xBF, 0x4D, 0x00, 0x33, 0x00,
        0xC0, 0x4D, 0x00, 0xFF, 0x4D, 0x00, 0x1A, 0x00, 0x00, 0x4E, 0x00, 0xFF, 0x9F, 0x00, 0x33, 0x00,
        0x00, 0xA0, 0x00, 0x14, 0xA0, 0x00, 0xAE, 0x00, 0x15, 0xA0, 0x00, 0x15, 0xA0, 0x00, 0xAE, 0x00,
        0x16, 0xA0, 0x00, 0x8C, 0xA4, 0x00, 0xAE, 0x00, 0x90, 0xA4, 0x00, 0xC6, 0xA4, 0x00, 0xAE, 0x00,
        0xD0, 0xA4, 0x00, 0xF7, 0xA4, 0x00, 0x51, 0x00, 0xF8, 0xA4, 0x00, 0xFD, 0xA4, 0x00, 0x51, 0x00,
        0xFE, 0xA4, 0x00, 0xFF, 0xA4, 0x00, 0x51, 0x00, 0x00, 0xA5, 0x00, 0x0B, 0xA6, 0x00, 0xA9, 0x00,
        0x0C, 0xA6, 0x00, 0x0C, 0xA6, 0x00, 0xA9, 0x00, 0x0D, 0xA6, 0x00, 0x0F, 0xA6, 0x00, 0xA9, 0x00,
        0x10, 0xA6, 0x00, 0x1F, 0xA6, 0x00, 0xA9, 0x00, 0x20, 0xA6, 0x00, 0x29, 0xA6, 0x00, 0xA9, 0x00,
        0x2A, 0xA6, 0x00, 0x2B, 0xA6, 0x00, 0xA9, 0x00, 0x40, 0xA6, 0x00, 0x6D, 0xA6, 0x00, 0x1F, 0x00,
        0x6E, 0xA6, 0x00, 0x6E, 0xA6, 0x00, 0x1F, 0x00, 0x6F, 0xA6, 0x00, 0x6F, 0xA6, 0x00, 0x1F, 0x00,
        0x70, 0xA6, 0x00, 0x72, 0xA6, 0x00, 0x1F, 0x00, 0x73, 0xA6, 0x00, 0x73, 0xA6, 0x00, 0x1F, 0x00,
        0x74, 0xA6, 0x00, 0x7D, 0xA6, 0x00, 0x1F, 0x00, 0x7E, 0xA6, 0x00, 0x7E, 0xA6, 0x00, 0x1F, 0x00,
        0x7F, 0xA6, 0x00, 0x7F, 0xA6, 0x00, 0x1F, 0x00, 0x80, 0xA6, 0x00, 0x9B, 0xA6, 0x00, 0x1F, 0x00,
        0x9C, 0xA6, 0x00, 0x9D, 0xA6, 0x00, 0x1F, 0x00, 0x9E, 0xA6, 0x00, 0x9F, 0xA6, 0x00, 0x1F, 0x00,
        0xA0, 0xA6, 0x00, 0xE5, 0xA6, 0x00, 0x08, 0x00, 0xE6, 0xA6, 0x00, 0xEF, 0xA6, 0x00, 0x08, 0x00,
        0xF0, 0xA6, 0x00, 0xF1, 0xA6, 0x00, 0x08, 0x00, 0xF2, 0xA6, 0x00, 0xF7, 0xA6, 0x00, 0x08, 0x00,
        0x00, 0xA7, 0x00, 0x16, 0xA7, 0x00, 0x1A, 0x00, 0x17, 0xA7, 0x00, 0x1F, 0xA7, 0x00, 0x1A, 0x00,
        0x20, 0xA7, 0x00, 0x21, 0xA7, 0x00, 0x1A, 0x00, 0x22, 0xA7, 0x00, 0x6F, 0xA7, 0x00, 0x4C, 0x00,
        0x70, 0xA7, 0x00, 0x70, 0xA7, 0x00, 0x4C, 0x00, 0x71, 0xA7, 0x00, 0x87, 0xA7, 0x00, 0x4C, 0x00,
        0x88, 0xA7, 0x00, 0x88, 0xA7, 0x00, 0x1A, 0x00, 0x89, 0xA7, 0x00, 0x8A, 0xA7, 0x00, 0x1A, 0x00,
        0x8B, 0xA7, 0x00, 0x8E, 0xA7, 0x00, 0x4C, 0x00, 0x8F, 0xA7, 0x00, 0x8F, 0xA7, 0x00, 0x4C, 0x00,
        0x90, 0xA7, 0x00, 0xDC, 0xA7, 0x00, 0x4C, 0x00, 0xF1, 0xA7, 0x00, 0xF4, 0xA7, 0x00, 0x4C, 0x00,
        0xF5, 0xA7, 0x00, 0xF6, 0xA7, 0x00, 0x4C, 0x00, 0xF7, 0xA7, 0x00, 0xF7, 0xA7, 0x00, 0x4C, 0x00,
        0xF8, 0xA7, 0x00, 0xF9, 0xA7, 0x00, 0x4C, 0x00, 0xFA, 0xA7, 0x00, 0xFA, 0xA7, 0x00, 0x4C, 0x00,
        0xFB, 0xA7, 0x00, 0xFF, 0xA7, 0x00, 0x4C, 0x00, 0x00, 0xA8, 0x00, 0x01, 0xA8, 0x00, 0x92, 0x00,
        0x02, 0xA8, 0x00, 0x02, 0xA8, 0x00, 0x92, 0x00, 0x03, 0xA8, 0x00, 0x05, 0xA8, 0x00, 0x92, 0x00,
        0x06, 0xA8, 0x00, 0x06, 0xA8, 0x00, 0x92, 0x00, 0x07, 0xA8, 0x00, 0x0A, 0xA8, 0x00, 0x92, 0x00,
        0x0B, 0xA8, 0x00, 0x0B, 0xA8, 0x00, 0x92, 0x00, 0x0C, 0xA8, 0x00, 0x22, 0xA8, 0x00, 0x92, 0x00,
        0x23, 0xA8, 0x00, 0x24, 0xA8, 0x00, 0x92, 0x00, 0x25, 0xA8, 0x00, 0x26, 0xA8, 0x00, 0x92, 0x00,
        0x27, 0xA8, 0x00, 0x27, 0xA8, 0x00, 0x92, 0x00, 0x28, 0xA8, 0x00, 0x2B, 0xA8, 0x00, 0x92, 0x00,
        0x2C, 0xA8, 0x00, 0x2C, 0xA8, 0x00, 0x92, 0x00, 0x30, 0xA8, 0x00, 0x35, 0xA8, 0x00, 0x1A, 0x00,
        0x36, 0xA8, 0x00, 0x37, 0xA8, 0x00, 0x1A, 0x00, 0x38, 0xA8, 0x00, 0x38, 0xA8, 0x00, 0x1A, 0x00,
        0x39, 0xA8, 0x00, 0x39, 0xA8, 0x00, 0x1A, 0x00, 0x40, 0xA8, 0x00, 0x73, 0xA8, 0x00, 0x80, 0x00,
        0x74, 0xA8, 0x00, 0x77, 0xA8, 0x00, 0x80, 0x00, 0x80, 0xA8, 0x00, 0x81, 0xA8, 0x00, 0x86, 0x00,
        0x82, 0xA8, 0x00, 0xB3, 0xA8, 0x00, 0x86, 0x00, 0xB4, 0xA8, 0x00, 0xC3, 0xA8, 0x00, 0x86, 0x00,
        0xC4, 0xA8, 0x00, 0xC5, 0xA8, 0x00, 0x86, 0x00, 0xCE, 0xA8, 0x00, 0xCF, 0xA8, 0x00, 0x86, 0x00,
        0xD0, 0xA8, 0x00, 0xD9, 0xA8, 0x00, 0x86, 0x00, 0xE0, 0xA8, 0x00, 0xF1, 0xA8, 0x00, 0x21, 0x00,
        0xF2, 0xA8, 0x00, 0xF7, 0xA8, 0x00, 0x21, 0x00, 0xF8, 0xA8, 0x00, 0xFA, 0xA8, 0x00, 0x21, 0x00,
        0xFB, 0xA8, 0x00, 0xFB, 0xA8, 0x00, 0x21, 0x00, 0xFC, 0xA8, 0x00, 0xFC, 0xA8, 0x00, 0x21, 0x00,
        0xFD, 0xA8, 0x00, 0xFE, 0xA8, 0x00, 0x21, 0x00, 0xFF, 0xA8, 0x00, 0xFF, 0xA8, 0x00, 0x21, 0x00,
        0x00, 0xA9, 0x00, 0x09, 0xA9, 0x00, 0x44, 0x00, 0x0A, 0xA9, 0x00, 0x25, 0xA9, 0x00, 0x44, 0x00,
        0x26, 0xA9, 0x00, 0x2D, 0xA9, 0x00, 0x44, 0x00, 0x2E, 0xA9, 0x00, 0x2E, 0xA9, 0x00, 0x1A, 0x00,
        0x2F, 0xA9, 0x00, 0x2F, 0xA9, 0x00, 0x44, 0x00, 0x30, 0xA9, 0x00, 0x46, 0xA9, 0x00, 0x83, 0x00,
        0x47, 0xA9, 0x00, 0x51, 0xA9, 0x00, 0x83, 0x00, 0x52, 0xA9, 0x00, 0x53, 0xA9, 0x00, 0x83, 0x00,
        0x5F, 0xA9, 0x00, 0x5F, 0xA9, 0x00, 0x83, 0x00, 0x60, 0xA9, 0x00, 0x7C, 0xA9, 0x00, 0x34, 0x00,
        0x80, 0xA9, 0x00, 0x82, 0xA9, 0x00, 0x3E, 0x00, 0x83, 0xA9, 0x00, 0x83, 0xA9, 0x00, 0x3E, 0x00,
        0x84, 0xA9, 0x00, 0xB2, 0xA9, 0x00, 0x3E, 0x00, 0xB3, 0xA9, 0x00, 0xB3, 0xA9, 0x00, 0x3E, 0x00,
        0xB4, 0xA9, 0x00, 0xB5, 0xA9, 0x00, 0x3E, 0x00, 0xB6, 0xA9, 0x00, 0xB9, 0xA9, 0x00, 0x3E, 0x00,
        0xBA, 0xA9, 0x00, 0xBB, 0xA9, 0x00, 0x3E, 0x00, 0xBC, 0xA9, 0x00, 0xBD, 0xA9, 0x00, 0x3E, 0x00,
        0xBE, 0xA9, 0x00, 0xC0, 0xA9, 0x00, 0x3E, 0x00, 0xC1, 0xA9, 0x00, 0xCD, 0xA9, 0x00, 0x3E, 0x00,
        0xCF, 0xA9, 0x00, 0xCF, 0xA9, 0x00, 0x1A, 0x00, 0xD0, 0xA9, 0x00, 0xD9, 0xA9, 0x00, 0x3E, 0x00,
        0xDE, 0xA9, 0x00, 0xDF, 0xA9, 0x00, 0x3E, 0x00, 0xE0, 0xA9, 0x00, 0xE4, 0xA9, 0x00, 0x65, 0x00,
        0xE5, 0xA9, 0x00, 0xE5, 0xA9, 0x00, 0x65, 0x00, 0xE6, 0xA9, 0x00, 0xE6, 0xA9, 0x00, 0x65, 0x00,
        0xE7, 0xA9, 0x00, 0xEF, 0xA9, 0x00, 0x65, 0x00, 0xF0, 0xA9, 0x00, 0xF9, 0xA9, 0x00, 0x65, 0x00,
        0xFA, 0xA9, 0x00, 0xFE, 0xA9, 0x00, 0x65, 0x00, 0x00, 0xAA, 0x00, 0x28, 0xAA, 0x00, 0x17, 0x00,
        0x29, 0xAA, 0x00, 0x2E, 0xAA, 0x00, 0x17, 0x00, 0x2F, 0xAA, 0x00, 0x30, 0xAA, 0x00, 0x17, 0x00,
        0x31, 0xAA, 0x00, 0x32, 0xAA, 0x00, 0x17, 0x00, 0x33, 0xAA, 0x00, 0x34, 0xAA, 0x00, 0x17, 0x00,
        0x35, 0xAA, 0x00, 0x36, 0xAA, 0x00, 0x17, 0x00, 0x40, 0xAA, 0x00, 0x42, 0xAA, 0x00, 0x17, 0x00,
        0x43, 0xAA, 0x00, 0x43, 0xAA, 0x00, 0x17, 0x00, 0x44, 0xAA, 0x00, 0x4B, 0xAA, 0x00, 0x17, 0x00,
        0x4C, 0xAA, 0x00, 0x4C, 0xAA, 0x00, 0x17, 0x00, 0x4D, 0xAA, 0x00, 0x4D, 0xAA, 0x00, 0x17, 0x00,
        0x50, 0xAA, 0x00, 0x59, 0xAA, 0x00, 0x17, 0x00, 0x5C, 0xAA, 0x00, 0x5F, 0xAA, 0x00, 0x17, 0x00,
        0x60, 0xAA, 0x00, 0x6F, 0xAA, 0x00, 0x65, 0x00, 0x70, 0xAA, 0x00, 0x70, 0xAA, 0x00, 0x65, 0x00,
        0x71, 0xAA, 0x00, 0x76, 0xAA, 0x00, 0x65, 0x00, 0x77, 0xAA, 0x00, 0x79, 0xAA, 0x00, 0x65, 0x00,
        0x7A, 0xAA, 0x00, 0x7A, 0xAA, 0x00, 0x65, 0x00, 0x7B, 0xAA, 0x00, 0x7B, 0xAA, 0x00, 0x65, 0x00,
        0x7C, 0xAA, 0x00, 0x7C, 0xAA, 0x00, 0x65, 0x00, 0x7D, 0xAA, 0x00, 0x7D, 0xAA, 0x00, 0x65, 0x00,
        0x7E, 0xAA, 0x00, 0x7F, 0xAA, 0x00, 0x65, 0x00, 0x80, 0xAA, 0x00, 0xAF, 0xAA, 0x00, 0x98, 0x00,
        0xB0, 0xAA, 0x00, 0xB0, 0xAA, 0x00, 0x98, 0x00, 0xB1, 0xAA, 0x00, 0xB1, 0xAA, 0x00, 0x98, 0x00,
        0xB2, 0xAA, 0x00, 0xB4, 0xAA, 0x00, 0x98, 0x00, 0xB5, 0xAA, 0x00, 0xB6, 0xAA, 0x00, 0x98, 0x00,
        0xB7, 0xAA, 0x00, 0xB8, 0xAA, 0x00, 0x98, 0x00, 0xB9, 0xAA, 0x00, 0xBD, 0xAA, 0x00, 0x98, 0x00,
        0xBE, 0xAA, 0x00, 0xBF, 0xAA, 0x00, 0x98, 0x00, 0xC0, 0xAA, 0x00, 0xC0, 0xAA, 0x00, 0x98, 0x00,
        0xC1, 0xAA, 0x00, 0xC1, 0xAA, 0x00, 0x98, 0x00, 0xC2, 0xAA, 0x00, 0xC2, 0xAA, 0x00, 0x98, 0x00,
        0xDB, 0xAA, 0x00, 0xDC, 0xAA, 0x00, 0x98, 0x00, 0xDD, 0xAA, 0x00, 0xDD, 0xAA, 0x00, 0x98, 0x00,
        0xDE, 0xAA, 0x00, 0xDF, 0xAA, 0x00, 0x98, 0x00, 0xE0, 0xAA, 0x00, 0xEA, 0xAA, 0x00, 0x5C, 0x00,
        0xEB, 0xAA, 0x00, 0xEB, 0xAA, 0x00, 0x5C, 0x00, 0xEC, 0xAA, 0x00, 0xED, 0xAA, 0x00, 0x5C, 0x00,
        0xEE, 0xAA, 0x00, 0xEF, 0xAA, 0x00, 0x5C, 0x00, 0xF0, 0xAA, 0x00, 0xF1, 0xAA, 0x00, 0x5C, 0x00,
        0xF2, 0xAA, 0x00, 0xF2, 0xAA, 0x00, 0x5C, 0x00, 0xF3, 0xAA, 0x00, 0xF4, 0xAA, 0x00, 0x5C, 0x00,
        0xF5, 0xAA, 0x00, 0xF5, 0xAA, 0x00, 0x5C, 0x00, 0xF6, 0xAA, 0x00, 0xF6, 0xAA, 0x00, 0x5C, 0x00,
        0x01, 0xAB, 0x00, 0x06, 0xAB, 0x00, 0x28, 0x00, 0x09, 0xAB, 0x00, 0x0E, 0xAB, 0x00, 0x28, 0x00,
        0x11, 0xAB, 0x00, 0x16, 0xAB, 0x00, 0x28, 0x00, 0x20, 0xAB, 0x00, 0x26, 0xAB, 0x00, 0x28, 0x00,
        0x28, 0xAB, 0x00, 0x2E, 0xAB, 0x00, 0x28, 0x00, 0x30, 0xAB, 0x00, 0x5A, 0xAB, 0x00, 0x4C, 0x00,
        0x5B, 0xAB, 0x00, 0x5B, 0xAB, 0x00, 0x1A, 0x00, 0x5C, 0xAB, 0x00, 0x5F, 0xAB, 0x00, 0x4C, 0x00,
        0x60, 0xAB, 0x00, 0x64, 0xAB, 0x00, 0x4C, 0x00, 0x65, 0xAB, 0x00, 0x65, 0xAB, 0x00, 0x2E, 0x00,
        0x66, 0xAB, 0x00, 0x68, 0xAB, 0x00, 0x4C, 0x00, 0x69, 0xAB, 0x00, 0x69, 0xAB, 0x00, 0x4C, 0x00,
        0x6A, 0xAB, 0x00, 0x6B, 0xAB, 0x00, 0x1A, 0x00, 0x70, 0xAB, 0x00, 0xBF, 0xAB, 0x00, 0x18, 0x00,
        0xC0, 0xAB, 0x00, 0xE2, 0xAB, 0x00, 0x5C, 0x00, 0xE3, 0xAB, 0x00, 0xE4, 0xAB, 0x00, 0x5C, 0x00,
        0xE5, 0xAB, 0x00, 0xE5, 0xAB, 0x00, 0x5C, 0x00, 0xE6, 0xAB, 0x00, 0xE7, 0xAB, 0x00, 0x5C, 0x00,
        0xE8, 0xAB, 0x00, 0xE8, 0xAB, 0x00, 0x5C, 0x00, 0xE9, 0xAB, 0x00, 0xEA, 0xAB, 0x00, 0x5C, 0x00,
        0xEB, 0xAB, 0x00, 0xEB, 0xAB, 0x00, 0x5C, 0x00, 0xEC, 0xAB, 0x00, 0xEC, 0xAB, 0x00, 0x5C, 0x00,
        0xED, 0xAB, 0x00, 0xED, 0xAB, 0x00, 0x5C, 0x00, 0xF0, 0xAB, 0x00, 0xF9, 0xAB, 0x00, 0x5C, 0x00,
        0x00, 0xAC, 0x00, 0xA3, 0xD7, 0x00, 0x34, 0x00, 0xB0, 0xD7, 0x00, 0xC6, 0xD7, 0x00, 0x34, 0x00,
        0xCB, 0xD7, 0x00, 0xFB, 0xD7, 0x00, 0x34, 0x00, 0x00, 0xF9, 0x00, 0x6D, 0xFA, 0x00, 0x33, 0x00,
        0x70, 0xFA, 0x00, 0xD9, 0xFA, 0x00, 0x33, 0x00, 0x00, 0xFB, 0x00, 0x06, 0xFB, 0x00, 0x4C, 0x00,
        0x13, 0xFB, 0x00, 0x17, 0xFB, 0x00, 0x05, 0x00, 0x1D, 0xFB, 0x00, 0x1D, 0xFB, 0x00, 0x38, 0x00,
        0x1E, 0xFB, 0x00, 0x1E, 0xFB, 0x00, 0x38, 0x00, 0x1F, 0xFB, 0x00, 0x28, 0xFB, 0x00, 0x38, 0x00,
        0x29, 0xFB, 0x00, 0x29, 0xFB, 0x00, 0x38, 0x00, 0x2A, 0xFB, 0x00, 0x36, 0xFB, 0x00, 0x38, 0x00,
        0x38, 0xFB, 0x00, 0x3C, 0xFB, 0x00, 0x38, 0x00, 0x3E, 0xFB, 0x00, 0x3E, 0xFB, 0x00, 0x38, 0x00,
        0x40, 0xFB, 0x00, 0x41, 0xFB, 0x00, 0x38, 0x00, 0x43, 0xFB, 0x00, 0x44, 0xFB, 0x00, 0x38, 0x00,
        0x46, 0xFB, 0x00, 0x4F, 0xFB, 0x00, 0x38, 0x00, 0x50, 0xFB, 0x00, 0xB1, 0xFB, 0x00, 0x04, 0x00,
        0xB2, 0xFB, 0x00, 0xC2, 0xFB, 0x00, 0x04, 0x00, 0xC3, 0xFB, 0x00, 0xD2, 0xFB, 0x00, 0x04, 0x00,
        0xD3, 0xFB, 0x00, 0x3D, 0xFD, 0x00, 0x04, 0x00, 0x3E, 0xFD, 0x00, 0x3E, 0xFD, 0x00, 0x1A, 0x00,
        0x3F, 0xFD, 0x00, 0x3F, 0xFD, 0x00, 0x1A, 0x00, 0x40, 0xFD, 0x00, 0x4F, 0xFD, 0x00, 0x04, 0x00,
        0x50, 0xFD, 0x00, 0x8F, 0xFD, 0x00, 0x04, 0x00, 0x90, 0xFD, 0x00, 0x91, 0xFD, 0x00, 0x04, 0x00,
        0x92, 0xFD, 0x00, 0xC7, 0xFD, 0x00, 0x04, 0x00, 0xC8, 0xFD, 0x00, 0xCF, 0xFD, 0x00, 0x04, 0x00,
        0xF0, 0xFD, 0x00, 0xFB, 0xFD, 0x00, 0x04, 0x00, 0xFC, 0xFD, 0x00, 0xFC, 0xFD, 0x00, 0x04, 0x00,
        0xFD, 0xFD, 0x00, 0xFF, 0xFD, 0x00, 0x04, 0x00, 0x00, 0xFE, 0x00, 0x0F, 0xFE, 0x00, 0x3B, 0x00,
        0x10, 0xFE, 0x00, 0x16, 0xFE, 0x00, 0x1A, 0x00, 0x17, 0xFE, 0x00, 0x17, 0xFE, 0x00, 0x1A, 0x00,
        0x18, 0xFE, 0x00, 0x18, 0xFE, 0x00, 0x1A, 0x00, 0x19, 0xFE, 0x00, 0x19, 0xFE, 0x00, 0x1A, 0x00,
        0x20, 0xFE, 0x00, 0x2D, 0xFE, 0x00, 0x3B, 0x00, 0x2E, 0xFE, 0x00, 0x2F, 0xFE, 0x00, 0x1F, 0x00,
        0x30, 0xFE, 0x00, 0x30, 0xFE, 0x00, 0x1A, 0x00, 0x31, 0xFE, 0x00, 0x32, 0xFE, 0x00, 0x1A, 0x00,
        0x33, 0xFE, 0x00, 0x34, 0xFE, 0x00, 0x1A, 0x00, 0x35, 0xFE, 0x00, 0x35, 0xFE, 0x00, 0x1A, 0x00,
        0x36, 0xFE, 0x00, 0x36, 0xFE, 0x00, 0x1A, 0x00, 0x37, 0xFE, 0x00, 0x37, 0xFE, 0x00, 0x1A, 0x00,
        0x38, 0xFE, 0x00, 0x38, 0xFE, 0x00, 0x1A, 0x00, 0x39, 0xFE, 0x00, 0x39, 0xFE, 0x00, 0x1A, 0x00,
        0x3A, 0xFE, 0x00, 0x3A, 0xFE, 0x00, 0x1A, 0x00, 0x3B, 0xFE, 0x00, 0x3B, 0xFE, 0x00, 0x1A, 0x00,
        0x3C, 0xFE, 0x00, 0x3C, 0xFE, 0x00, 0x1A, 0x00, 0x3D, 0xFE, 0x00, 0x3D, 0xFE, 0x00, 0x1A, 0x00,
        0x3E, 0xFE, 0x00, 0x3E, 0xFE, 0x00, 0x1A, 0x00, 0x3F, 0xFE, 0x00, 0x3F, 0xFE, 0x00, 0x1A, 0x00,
        0x40, 0xFE, 0x00, 0x40, 0xFE, 0x00, 0x1A, 0x00, 0x41, 0xFE, 0x00, 0x41, 0xFE, 0x00, 0x1A, 0x00,
        0x42, 0xFE, 0x00, 0x42, 0xFE, 0x00, 0x1A, 0x00, 0x43, 0xFE, 0x00, 0x43, 0xFE, 0x00, 0x1A, 0x00,
        0x44, 0xFE, 0x00, 0x44, 0xFE, 0x00, 0x1A, 0x00, 0x45, 0xFE, 0x00, 0x46, 0xFE, 0x00, 0x1A, 0x00,
        0x47, 0xFE, 0x00, 0x47, 0xFE, 0x00, 0x1A, 0x00, 0x48, 0xFE, 0x00, 0x48, 0xFE, 0x00, 0x1A, 0x00,
        0x49, 0xFE, 0x00, 0x4C, 0xFE, 0x00, 0x1A, 0x00, 0x4D, 0xFE, 0x00, 0x4F, 0xFE, 0x00, 0x1A, 0x00,
        0x50, 0xFE, 0x00, 0x52, 0xFE, 0x00, 0x1A, 0x00, 0x54, 0xFE, 0x00, 0x57, 0xFE, 0x00, 0x1A, 0x00,
        0x58, 0xFE, 0x00, 0x58, 0xFE, 0x00, 0x1A, 0x00, 0x59, 0xFE, 0x00, 0x59, 0xFE, 0x00, 0x1A, 0x00,
        0x5A, 0xFE, 0x00, 0x5A, 0xFE, 0x00, 0x1A, 0x00, 0x5B, 0xFE, 0x00, 0x5B, 0xFE, 0x00, 0x1A, 0x00,
        0x5C, 0xFE, 0x00, 0x5C, 0xFE, 0x00, 0x1A, 0x00, 0x5D, 0xFE, 0x00, 0x5D, 0xFE, 0x00, 0x1A, 0x00,
        0x5E, 0xFE, 0x00, 0x5E, 0xFE, 0x00, 0x1A, 0x00, 0x5F, 0xFE, 0x00, 0x61, 0xFE, 0x00, 0x1A, 0x00,
        0x62, 0xFE, 0x00, 0x62, 0xFE, 0x00, 0x1A, 0x00, 0x63, 0xFE, 0x00, 0x63, 0xFE, 0x00, 0x1A, 0x00,
        0x64, 0xFE, 0x00, 0x66, 0xFE, 0x00, 0x1A, 0x00, 0x68, 0xFE, 0x00, 0x68, 0xFE, 0x00, 0x1A, 0x00,
        0x69, 0xFE, 0x00, 0x69, 0xFE, 0x00, 0x1A, 0x00, 0x6A, 0xFE, 0x00, 0x6B, 0xFE, 0x00, 0x1A, 0x00,
        0x70, 0xFE, 0x00, 0x74, 0xFE, 0x00, 0x04, 0x00, 0x76, 0xFE, 0x00, 0xFC, 0xFE, 0x00, 0x04, 0x00,
        0xFF, 0xFE, 0x00, 0xFF, 0xFE, 0x00, 0x1A, 0x00, 0x01, 0xFF, 0x00, 0x03, 0xFF, 0x00, 0x1A, 0x00,
        0x04, 0xFF, 0x00, 0x04, 0xFF, 0x00, 0x1A, 0x00, 0x05, 0xFF, 0x00, 0x07, 0xFF, 0x00, 0x1A, 0x00,
        0x08, 0xFF, 0x00, 0x08, 0xFF, 0x00, 0x1A, 0x00, 0x09, 0xFF, 0x00, 0x09, 0xFF, 0x00, 0x1A, 0x00,
        0x0A, 0xFF, 0x00, 0x0A, 0xFF, 0x00, 0x1A, 0x00, 0x0B, 0xFF, 0x00, 0x0B, 0xFF, 0x00, 0x1A, 0x00,
        0x0C, 0xFF, 0x00, 0x0C, 0xFF, 0x00, 0x1A, 0x00, 0x0D, 0xFF, 0x00, 0x0D, 0xFF, 0x00, 0x1A, 0x00,
        0x0E, 0xFF, 0x00, 0x0F, 0xFF, 0x00, 0x1A, 0x00, 0x10, 0xFF, 0x00, 0x19, 0xFF, 0x00, 0x1A, 0x00,
        0x1A, 0xFF, 0x00, 0x1B, 0xFF, 0x00, 0x1A, 0x00, 0x1C, 0xFF, 0x00, 0x1E, 0xFF, 0x00, 0x1A, 0x00,
        0x1F, 0xFF, 0x00, 0x20, 0xFF, 0x00, 0x1A, 0x00, 0x21, 0xFF, 0x00, 0x3A, 0xFF, 0x00, 0x4C, 0x00,
        0x3B, 0xFF, 0x00, 0x3B, 0xFF, 0x00, 0x1A, 0x00, 0x3C, 0xFF, 0x00, 0x3C, 0xFF, 0x00, 0x1A, 0x00,
        0x3D, 0xFF, 0x00, 0x3D, 0xFF, 0x00, 0x1A, 0x00, 0x3E, 0xFF, 0x00, 0x3E, 0xFF, 0x00, 0x1A, 0x00,
        0x3F, 0xFF, 0x00, 0x3F, 0xFF, 0x00, 0x1A, 0x00, 0x40, 0xFF, 0x00, 0x40, 0xFF, 0x00, 0x1A, 0x00,
        0x41, 0xFF, 0x00, 0x5A, 0xFF, 0x00, 0x4C, 0x00, 0x5B, 0xFF, 0x00, 0x5B, 0xFF, 0x00, 0x1A, 0x00,
        0x5C, 0xFF, 0x00, 0x5C, 0xFF, 0x00, 0x1A, 0x00, 0x5D, 0xFF, 0x00, 0x5D, 0xFF, 0x00, 0x1A, 0x00,
        0x5E, 0xFF, 0x00, 0x5E, 0xFF, 0x00, 0x1A, 0x00, 0x5F, 0xFF, 0x00, 0x5F, 0xFF, 0x00, 0x1A, 0x00,
        0x60, 0xFF, 0x00, 0x60, 0xFF, 0x00, 0x1A, 0x00, 0x61, 0xFF, 0x00, 0x61, 0xFF, 0x00, 0x1A, 0x00,
        0x62, 0xFF, 0x00, 0x62, 0xFF, 0x00, 0x1A, 0x00, 0x63, 0xFF, 0x00, 0x63, 0xFF, 0x00, 0x1A, 0x00,
        0x64, 0xFF, 0x00, 0x65, 0xFF, 0x00, 0x1A, 0x00, 0x66, 0xFF, 0x00, 0x6F, 0xFF, 0x00, 0x41, 0x00,
        0x70, 0xFF, 0x00, 0x70, 0xFF, 0x00, 0x1A, 0x00, 0x71, 0xFF, 0x00, 0x9D, 0xFF, 0x00, 0x41, 0x00,
        0x9E, 0xFF, 0x00, 0x9F, 0xFF, 0x00, 0x1A, 0x00, 0xA0, 0xFF, 0x00, 0xBE, 0xFF, 0x00, 0x34, 0x00,
        0xC2, 0xFF, 0x00, 0xC7, 0xFF, 0x00, 0x34, 0x00, 0xCA, 0xFF, 0x00, 0xCF, 0xFF, 0x00, 0x34, 0x00,
        0xD2, 0xFF, 0x00, 0xD7, 0xFF, 0x00, 0x34, 0x00, 0xDA, 0xFF, 0x00, 0xDC, 0xFF, 0x00, 0x34, 0x00,
        0xE0, 0xFF, 0x00, 0xE1, 0xFF, 0x00, 0x1A, 0x00, 0xE2, 0xFF, 0x00, 0xE2, 0xFF, 0x00, 0x1A, 0x00,
        0xE3, 0xFF, 0x00, 0xE3, 0xFF, 0x00, 0x1A, 0x00, 0xE4, 0xFF, 0x00, 0xE4, 0xFF, 0x00, 0x1A, 0x00,
        0xE5, 0xFF, 0x00, 0xE6, 0xFF, 0x00, 0x1A, 0x00, 0xE8, 0xFF, 0x00, 0xE8, 0xFF, 0x00, 0x1A, 0x00,
        0xE9, 0xFF, 0x00, 0xEC, 0xFF, 0x00, 0x1A, 0x00, 0xED, 0xFF, 0x00, 0xEE, 0xFF, 0x00, 0x1A, 0x00,
        0xF9, 0xFF, 0x00, 0xFB, 0xFF, 0x00, 0x1A, 0x00, 0xFC, 0xFF, 0x00, 0xFD, 0xFF, 0x00, 0x1A, 0x00,
        0x00, 0x00, 0x01, 0x0B, 0x00, 0x01, 0x50, 0x00, 0x0D, 0x00, 0x01, 0x26, 0x00, 0x01, 0x50, 0x00,
        0x28, 0x00, 0x01, 0x3A, 0x00, 0x01, 0x50, 0x00, 0x3C, 0x00, 0x01, 0x3D, 0x00, 0x01, 0x50, 0x00,
        0x3F, 0x00, 0x01, 0x4D, 0x00, 0x01, 0x50, 0x00, 0x50, 0x00, 0x01, 0x5D, 0x00, 0x01, 0x50, 0x00,
        0x80, 0x00, 0x01, 0xFA, 0x00, 0x01, 0x50, 0x00, 0x00, 0x01, 0x01, 0x02, 0x01, 0x01, 0x1A, 0x00,
        0x07, 0x01, 0x01, 0x33, 0x01, 0x01, 0x1A, 0x00, 0x37, 0x01, 0x01, 0x3F, 0x01, 0x01, 0x1A, 0x00,
        0x40, 0x01, 0x01, 0x74, 0x01, 0x01, 0x2E, 0x00, 0x75, 0x01, 0x01, 0x78, 0x01, 0x01, 0x2E, 0x00,
        0x79, 0x01, 0x01, 0x89, 0x01, 0x01, 0x2E, 0x00, 0x8A, 0x01, 0x01, 0x8B, 0x01, 0x01, 0x2E, 0x00,
        0x8C, 0x01, 0x01, 0x8E, 0x01, 0x01, 0x2E, 0x00, 0x90, 0x01, 0x01, 0x9C, 0x01, 0x01, 0x1A, 0x00,
        0xA0, 0x01, 0x01, 0xA0, 0x01, 0x01, 0x2E, 0x00, 0xD0, 0x01, 0x01, 0xFC, 0x01, 0x01, 0x1A, 0x00,
        0xFD, 0x01, 0x01, 0xFD, 0x01, 0x01, 0x3B, 0x00, 0x80, 0x02, 0x01, 0x9C, 0x02, 0x01, 0x52, 0x00,
        0xA0, 0x02, 0x01, 0xD0, 0x02, 0x01, 0x14, 0x00, 0xE0, 0x02, 0x01, 0xE0, 0x02, 0x01, 0x3B, 0x00,
        0xE1, 0x02, 0x01, 0xFB, 0x02, 0x01, 0x1A, 0x00, 0x00, 0x03, 0x01, 0x1F, 0x03, 0x01, 0x72, 0x00,
        0x20, 0x03, 0x01, 0x23, 0x03, 0x01, 0x72, 0x00, 0x2D, 0x03, 0x01, 0x2F, 0x03, 0x01, 0x72, 0x00,
        0x30, 0x03, 0x01, 0x40, 0x03, 0x01, 0x2C, 0x00, 0x41, 0x03, 0x01, 0x41, 0x03, 0x01, 0x2C, 0x00,
        0x42, 0x03, 0x01, 0x49, 0x03, 0x01, 0x2C, 0x00, 0x4A, 0x03, 0x01, 0x4A, 0x03, 0x01, 0x2C, 0x00,
        0x50, 0x03, 0x01, 0x75, 0x03, 0x01, 0x74, 0x00, 0x76, 0x03, 0x01, 0x7A, 0x03, 0x01, 0x74, 0x00,
        0x80, 0x03, 0x01, 0x9D, 0x03, 0x01, 0xA8, 0x00, 0x9F, 0x03, 0x01, 0x9F, 0x03, 0x01, 0xA8, 0x00,
        0xA0, 0x03, 0x01, 0xC3, 0x03, 0x01, 0x75, 0x00, 0xC8, 0x03, 0x01, 0xCF, 0x03, 0x01, 0x75, 0x00,
        0xD0, 0x03, 0x01, 0xD0, 0x03, 0x01, 0x75, 0x00, 0xD1, 0x03, 0x01, 0xD5, 0x03, 0x01, 0x75, 0x00,
        0x00, 0x04, 0x01, 0x4F, 0x04, 0x01, 0x20, 0x00, 0x50, 0x04, 0x01, 0x7F, 0x04, 0x01, 0x88, 0x00,
        0x80, 0x04, 0x01, 0x9D, 0x04, 0x01, 0x7C, 0x00, 0xA0, 0x04, 0x01, 0xA9, 0x04, 0x01, 0x7C, 0x00,
        0xB0, 0x04, 0x01, 0xD3, 0x04, 0x01, 0x7B, 0x00, 0xD8, 0x04, 0x01, 0xFB, 0x04, 0x01, 0x7B, 0x00,
        0x00, 0x05, 0x01, 0x27, 0x05, 0x01, 0x26, 0x00, 0x30, 0x05, 0x01, 0x63, 0x05, 0x01, 0x15, 0x00,
        0x6F, 0x05, 0x01, 0x6F, 0x05, 0x01, 0x15, 0x00, 0x70, 0x05, 0x01, 0x7A, 0x05, 0x01, 0xAA, 0x00,
        0x7C, 0x05, 0x01, 0x8A, 0x05, 0x01, 0xAA, 0x00, 0x8C, 0x05, 0x01, 0x92, 0x05, 0x01, 0xAA, 0x00,
        0x94, 0x05, 0x01, 0x95, 0x05, 0x01, 0xAA, 0x00, 0x97, 0x05, 0x01, 0xA1, 0x05, 0x01, 0xAA, 0x00,
        0xA3, 0x05, 0x01, 0xB1, 0x05, 0x01, 0xAA, 0x00, 0xB3, 0x05, 0x01, 0xB9, 0x05, 0x01, 0xAA, 0x00,
        0xBB, 0x05, 0x01, 0xBC, 0x05, 0x01, 0xAA, 0x00, 0xC0, 0x05, 0x01, 0xF3, 0x05, 0x01, 0xA4, 0x00,
        0x00, 0x06, 0x01, 0x36, 0x07, 0x01, 0x4F, 0x00, 0x40, 0x07, 0x01, 0x55, 0x07, 0x01, 0x4F, 0x00,
        0x60, 0x07, 0x01, 0x67, 0x07, 0x01, 0x4F, 0x00, 0x80, 0x07, 0x01, 0x85, 0x07, 0x01, 0x4C, 0x00,
        0x87, 0x07, 0x01, 0xB0, 0x07, 0x01, 0x4C, 0x00, 0xB2, 0x07, 0x01, 0xBA, 0x07, 0x01, 0x4C, 0x00,
        0x00, 0x08, 0x01, 0x05, 0x08, 0x01, 0x1D, 0x00, 0x08, 0x08, 0x01, 0x08, 0x08, 0x01, 0x1D, 0x00,
        0x0A, 0x08, 0x01, 0x35, 0x08, 0x01, 0x1D, 0x00, 0x37, 0x08, 0x01, 0x38, 0x08, 0x01, 0x1D, 0x00,
        0x3C, 0x08, 0x01, 0x3C, 0x08, 0x01, 0x1D, 0x00, 0x3F, 0x08, 0x01, 0x3F, 0x08, 0x01, 0x1D, 0x00,
        0x40, 0x08, 0x01, 0x55, 0x08, 0x01, 0x3A, 0x00, 0x57, 0x08, 0x01, 0x57, 0x08, 0x01, 0x3A, 0x00,
        0x58, 0x08, 0x01, 0x5F, 0x08, 0x01, 0x3A, 0x00, 0x60, 0x08, 0x01, 0x76, 0x08, 0x01, 0x7E, 0x00,
        0x77, 0x08, 0x01, 0x78, 0x08, 0x01, 0x7E, 0x00, 0x79, 0x08, 0x01, 0x7F, 0x08, 0x01, 0x7E, 0x00,
        0x80, 0x08, 0x01, 0x9E, 0x08, 0x01, 0x66, 0x00, 0xA7, 0x08, 0x01, 0xAF, 0x08, 0x01, 0x66, 0x00,
        0xE0, 0x08, 0x01, 0xF2, 0x08, 0x01, 0x37, 0x00, 0xF4, 0x08, 0x01, 0xF5, 0x08, 0x01, 0x37, 0x00,
        0xFB, 0x08, 0x01, 0xFF, 0x08, 0x01, 0x37, 0x00, 0x00, 0x09, 0x01, 0x15, 0x09, 0x01, 0x81, 0x00,
        0x16, 0x09, 0x01, 0x1B, 0x09, 0x01, 0x81, 0x00, 0x1F, 0x09, 0x01, 0x1F, 0x09, 0x01, 0x81, 0x00,
        0x20, 0x09, 0x01, 0x39, 0x09, 0x01, 0x53, 0x00, 0x3F, 0x09, 0x01, 0x3F, 0x09, 0x01, 0x53, 0x00,
        0x40, 0x09, 0x01, 0x59, 0x09, 0x01, 0x8A, 0x00, 0x80, 0x09, 0x01, 0x9F, 0x09, 0x01, 0x5F, 0x00,
        0xA0, 0x09, 0x01, 0xB7, 0x09, 0x01, 0x5E, 0x00, 0xBC, 0x09, 0x01, 0xBD, 0x09, 0x01, 0x5E, 0x00,
        0xBE, 0x09, 0x01, 0xBF, 0x09, 0x01, 0x5E, 0x00, 0xC0, 0x09, 0x01, 0xCF, 0x09, 0x01, 0x5E, 0x00,
        0xD2, 0x09, 0x01, 0xFF, 0x09, 0x01, 0x5E, 0x00, 0x00, 0x0A, 0x01, 0x00, 0x0A, 0x01, 0x45, 0x00,
        0x01, 0x0A, 0x01, 0x03, 0x0A, 0x01, 0x45, 0x00, 0x05, 0x0A, 0x01, 0x06, 0x0A, 0x01, 0x45, 0x00,
        0x0C, 0x0A, 0x01, 0x0F, 0x0A, 0x01, 0x45, 0x00, 0x10, 0x0A, 0x01, 0x13, 0x0A, 0x01, 0x45, 0x00,
        0x15, 0x0A, 0x01, 0x17, 0x0A, 0x01, 0x45, 0x00, 0x19, 0x0A, 0x01, 0x35, 0x0A, 0x01, 0x45, 0x00,
        0x38, 0x0A, 0x01, 0x3A, 0x0A, 0x01, 0x45, 0x00, 0x3F, 0x0A, 0x01, 0x3F, 0x0A, 0x01, 0x45, 0x00,
        0x40, 0x0A, 0x01, 0x48, 0x0A, 0x01, 0x45, 0x00, 0x50, 0x0A, 0x01, 0x58, 0x0A, 0x01, 0x45, 0x00,
        0x60, 0x0A, 0x01, 0x7C, 0x0A, 0x01, 0x77, 0x00, 0x7D, 0x0A, 0x01, 0x7E, 0x0A, 0x01, 0x77, 0x00,
        0x7F, 0x0A, 0x01, 0x7F, 0x0A, 0x01, 0x77, 0x00, 0x80, 0x0A, 0x01, 0x9C, 0x0A, 0x01, 0x73, 0x00,
        0x9D, 0x0A, 0x01, 0x9F, 0x0A, 0x01, 0x73, 0x00, 0xC0, 0x0A, 0x01, 0xC7, 0x0A, 0x01, 0x58, 0x00,
        0xC8, 0x0A, 0x01, 0xC8, 0x0A, 0x01, 0x58, 0x00, 0xC9, 0x0A, 0x01, 0xE4, 0x0A, 0x01, 0x58, 0x00,
        0xE5, 0x0A, 0x01, 0xE6, 0x0A, 0x01, 0x58, 0x00, 0xEB, 0x0A, 0x01, 0xEF, 0x0A, 0x01, 0x58, 0x00,
        0xF0, 0x0A, 0x01, 0xF6, 0x0A, 0x01, 0x58, 0x00, 0x00, 0x0B, 0x01, 0x35, 0x0B, 0x01, 0x06, 0x00,
        0x39, 0x0B, 0x01, 0x3F, 0x0B, 0x01, 0x06, 0x00, 0x40, 0x0B, 0x01, 0x55, 0x0B, 0x01, 0x3D, 0x00,
        0x58, 0x0B, 0x01, 0x5F, 0x0B, 0x01, 0x3D, 0x00, 0x60, 0x0B, 0x01, 0x72, 0x0B, 0x01, 0x3C, 0x00,
        0x78, 0x0B, 0x01, 0x7F, 0x0B, 0x01, 0x3C, 0x00, 0x80, 0x0B, 0x01, 0x91, 0x0B, 0x01, 0x82, 0x00,
        0x99, 0x0B, 0x01, 0x9C, 0x0B, 0x01, 0x82, 0x00, 0xA9, 0x0B, 0x01, 0xAF, 0x0B, 0x01, 0x82, 0x00,
        0x00, 0x0C, 0x01, 0x48, 0x0C, 0x01, 0x78, 0x00, 0x80, 0x0C, 0x01, 0xB2, 0x0C, 0x01, 0x71, 0x00,
        0xC0, 0x0C, 0x01, 0xF2, 0x0C, 0x01, 0x71, 0x00, 0xFA, 0x0C, 0x01, 0xFF, 0x0C, 0x01, 0x71, 0x00,
        0x00, 0x0D, 0x01, 0x23, 0x0D, 0x01, 0x35, 0x00, 0x24, 0x0D, 0x01, 0x27, 0x0D, 0x01, 0x35, 0x00,
        0x30, 0x0D, 0x01, 0x39, 0x0D, 0x01, 0x35, 0x00, 0x40, 0x0D, 0x01, 0x49, 0x0D, 0x01, 0x29, 0x00,
        0x4A, 0x0D, 0x01, 0x4D, 0x0D, 0x01, 0x29, 0x00, 0x4E, 0x0D, 0x01, 0x4E, 0x0D, 0x01, 0x29, 0x00,
        0x4F, 0x0D, 0x01, 0x4F, 0x0D, 0x01, 0x29, 0x00, 0x50, 0x0D, 0x01, 0x65, 0x0D, 0x01, 0x29, 0x00,
        0x69, 0x0D, 0x01, 0x6D, 0x0D, 0x01, 0x29, 0x00, 0x6E, 0x0D, 0x01, 0x6E, 0x0D, 0x01, 0x29, 0x00,
        0x6F, 0x0D, 0x01, 0x6F, 0x0D, 0x01, 0x29, 0x00, 0x70, 0x0D, 0x01, 0x85, 0x0D, 0x01, 0x29, 0x00,
        0x8E, 0x0D, 0x01, 0x8F, 0x0D, 0x01, 0x29, 0x00, 0x60, 0x0E, 0x01, 0x7E, 0x0E, 0x01, 0x04, 0x00,
        0x80, 0x0E, 0x01, 0xA9, 0x0E, 0x01, 0xAD, 0x00, 0xAB, 0x0E, 0x01, 0xAC, 0x0E, 0x01, 0xAD, 0x00,
        0xAD, 0x0E, 0x01, 0xAD, 0x0E, 0x01, 0xAD, 0x00, 0xB0, 0x0E, 0x01, 0xB1, 0x0E, 0x01, 0xAD, 0x00,
        0xC2, 0x0E, 0x01, 0xC4, 0x0E, 0x01, 0x04, 0x00, 0xC5, 0x0E, 0x01, 0xC5, 0x0E, 0x01, 0x04, 0x00,
        0xC6, 0x0E, 0x01, 0xC7, 0x0E, 0x01, 0x04, 0x00, 0xD0, 0x0E, 0x01, 0xD0, 0x0E, 0x01, 0x04, 0x00,
        0xD1, 0x0E, 0x01, 0xD8, 0x0E, 0x01, 0x04, 0x00, 0xFA, 0x0E, 0x01, 0xFF, 0x0E, 0x01, 0x04, 0x00,
        0x00, 0x0F, 0x01, 0x1C, 0x0F, 0x01, 0x76, 0x00, 0x1D, 0x0F, 0x01, 0x26, 0x0F, 0x01, 0x76, 0x00,
        0x27, 0x0F, 0x01, 0x27, 0x0F, 0x01, 0x76, 0x00, 0x30, 0x0F, 0x01, 0x45, 0x0F, 0x01, 0x8D, 0x00,
        0x46, 0x0F, 0x01, 0x50, 0x0F, 0x01, 0x8D, 0x00, 0x51, 0x0F, 0x01, 0x54, 0x0F, 0x01, 0x8D, 0x00,
        0x55, 0x0F, 0x01, 0x59, 0x0F, 0x01, 0x8D, 0x00, 0x70, 0x0F, 0x01, 0x81, 0x0F, 0x01, 0x79, 0x00,
        0x82, 0x0F, 0x01, 0x85, 0x0F, 0x01, 0x79, 0x00, 0x86, 0x0F, 0x01, 0x89, 0x0F, 0x01, 0x79, 0x00,
        0xB0, 0x0F, 0x01, 0xC4, 0x0F, 0x01, 0x19, 0x00, 0xC5, 0x0F, 0x01, 0xCB, 0x0F, 0x01, 0x19, 0x00,
        0xE0, 0x0F, 0x01, 0xF6, 0x0F, 0x01, 0x27, 0x00, 0x00, 0x10, 0x01, 0x00, 0x10, 0x01, 0x0F, 0x00,
        0x01, 0x10, 0x01, 0x01, 0x10, 0x01, 0x0F, 0x00, 0x02, 0x10, 0x01, 0x02, 0x10, 0x01, 0x0F, 0x00,
        0x03, 0x10, 0x01, 0x37, 0x10, 0x01, 0x0F, 0x00, 0x38, 0x10, 0x01, 0x46, 0x10, 0x01, 0x0F, 0x00,
        0x47, 0x10, 0x01, 0x4D, 0x10, 0x01, 0x0F, 0x00, 0x52, 0x10, 0x01, 0x65, 0x10, 0x01, 0x0F, 0x00,
        0x66, 0x10, 0x01, 0x6F, 0x10, 0x01, 0x0F, 0x00, 0x70, 0x10, 0x01, 0x70, 0x10, 0x01, 0x0F, 0x00,
        0x71, 0x10, 0x01, 0x72, 0x10, 0x01, 0x0F, 0x00, 0x73, 0x10, 0x01, 0x74, 0x10, 0x01, 0x0F, 0x00,
        0x75, 0x10, 0x01, 0x75, 0x10, 0x01, 0x0F, 0x00, 0x7F, 0x10, 0x01, 0x7F, 0x10, 0x01, 0x0F, 0x00,
        0x80, 0x10, 0x01, 0x81, 0x10, 0x01, 0x3F, 0x00, 0x82, 0x10, 0x01, 0x82, 0x10, 0x01, 0x3F, 0x00,
        0x83, 0x10, 0x01, 0xAF, 0x10, 0x01, 0x3F, 0x00, 0xB0, 0x10, 0x01, 0xB2, 0x10, 0x01, 0x3F, 0x00,
        0xB3, 0x10, 0x01, 0xB6, 0x10, 0x01, 0x3F, 0x00, 0xB7, 0x10, 0x01, 0xB8, 0x10, 0x01, 0x3F, 0x00,
        0xB9, 0x10, 0x01, 0xBA, 0x10, 0x01, 0x3F, 0x00, 0xBB, 0x10, 0x01, 0xBC, 0x10, 0x01, 0x3F, 0x00,
        0xBD, 0x10, 0x01, 0xBD, 0x10, 0x01, 0x3F, 0x00, 0xBE, 0x10, 0x01, 0xC1, 0x10, 0x01, 0x3F, 0x00,
        0xC2, 0x10, 0x01, 0xC2, 0x10, 0x01, 0x3F, 0x00, 0xCD, 0x10, 0x01, 0xCD, 0x10, 0x01, 0x3F, 0x00,
        0xD0, 0x10, 0x01, 0xE8, 0x10, 0x01, 0x8E, 0x00, 0xF0, 0x10, 0x01, 0xF9, 0x10, 0x01, 0x8E, 0x00,
        0x00, 0x11, 0x01, 0x02, 0x11, 0x01, 0x16, 0x00, 0x03, 0x11, 0x01, 0x26, 0x11, 0x01, 0x16, 0x00,
        0x27, 0x11, 0x01, 0x2B, 0x11, 0x01, 0x16, 0x00, 0x2C, 0x11, 0x01, 0x2C, 0x11, 0x01, 0x16, 0x00,
        0x2D, 0x11, 0x01, 0x34, 0x11, 0x01, 0x16, 0x00, 0x36, 0x11, 0x01, 0x3F, 0x11, 0x01, 0x16, 0x00,
        0x40, 0x11, 0x01, 0x43, 0x11, 0x01, 0x16, 0x00, 0x44, 0x11, 0x01, 0x44, 0x11, 0x01, 0x16, 0x00,
        0x45, 0x11, 0x01, 0x46, 0x11, 0x01, 0x16, 0x00, 0x47, 0x11, 0x01, 0x47, 0x11, 0x01, 0x16, 0x00,
        0x50, 0x11, 0x01, 0x72, 0x11, 0x01, 0x54, 0x00, 0x73, 0x11, 0x01, 0x73, 0x11, 0x01, 0x54, 0x00,
        0x74, 0x11, 0x01, 0x75, 0x11, 0x01, 0x54, 0x00, 0x76, 0x11, 0x01, 0x76, 0x11, 0x01, 0x54, 0x00,
        0x80, 0x11, 0x01, 0x81, 0x11, 0x01, 0x87, 0x00, 0x82, 0x11, 0x01, 0x82, 0x11, 0x01, 0x87, 0x00,
        0x83, 0x11, 0x01, 0xB2, 0x11, 0x01, 0x87, 0x00, 0xB3, 0x11, 0x01, 0xB5, 0x11, 0x01, 0x87, 0x00,
        0xB6, 0x11, 0x01, 0xBE, 0x11, 0x01, 0x87, 0x00, 0xBF, 0x11, 0x01, 0xC0, 0x11, 0x01, 0x87, 0x00,
        0xC1, 0x11, 0x01, 0xC4, 0x11, 0x01, 0x87, 0x00, 0xC5, 0x11, 0x01, 0xC8, 0x11, 0x01, 0x87, 0x00,
        0xC9, 0x11, 0x01, 0xCC, 0x11, 0x01, 0x87, 0x00, 0xCD, 0x11, 0x01, 0xCD, 0x11, 0x01, 0x87, 0x00,
        0xCE, 0x11, 0x01, 0xCE, 0x11, 0x01, 0x87, 0x00, 0xCF, 0x11, 0x01, 0xCF, 0x11, 0x01, 0x87, 0x00,
        0xD0, 0x11, 0x01, 0xD9, 0x11, 0x01, 0x87, 0x00, 0xDA, 0x11, 0x01, 0xDA, 0x11, 0x01, 0x87, 0x00,
        0xDB, 0x11, 0x01, 0xDB, 0x11, 0x01, 0x87, 0x00, 0xDC, 0x11, 0x01, 0xDC, 0x11, 0x01, 0x87, 0x00,
        0xDD, 0x11, 0x01, 0xDF, 0x11, 0x01, 0x87, 0x00, 0xE1, 0x11, 0x01, 0xF4, 0x11, 0x01, 0x8C, 0x00,
        0x00, 0x12, 0x01, 0x11, 0x12, 0x01, 0x48, 0x00, 0x13, 0x12, 0x01, 0x2B, 0x12, 0x01, 0x48, 0x00,
        0x2C, 0x12, 0x01, 0x2E, 0x12, 0x01, 0x48, 0x00, 0x2F, 0x12, 0x01, 0x31, 0x12, 0x01, 0x48, 0x00,
        0x32, 0x12, 0x01, 0x33, 0x12, 0x01, 0x48, 0x00, 0x34, 0x12, 0x01, 0x34, 0x12, 0x01, 0x48, 0x00,
        0x35, 0x12, 0x01, 0x35, 0x12, 0x01, 0x48, 0x00, 0x36, 0x12, 0x01, 0x37, 0x12, 0x01, 0x48, 0x00,
        0x38, 0x12, 0x01, 0x3D, 0x12, 0x01, 0x48, 0x00, 0x3E, 0x12, 0x01, 0x3E, 0x12, 0x01, 0x48, 0x00,
        0x3F, 0x12, 0x01, 0x40, 0x12, 0x01, 0x48, 0x00, 0x41, 0x12, 0x01, 0x41, 0x12, 0x01, 0x48, 0x00,
        0x80, 0x12, 0x01, 0x86, 0x12, 0x01, 0x64, 0x00, 0x88, 0x12, 0x01, 0x88, 0x12, 0x01, 0x64, 0x00,
        0x8A, 0x12, 0x01, 0x8D, 0x12, 0x01, 0x64, 0x00, 0x8F, 0x12, 0x01, 0x9D, 0x12, 0x01, 0x64, 0x00,
        0x9F, 0x12, 0x01, 0xA8, 0x12, 0x01, 0x64, 0x00, 0xA9, 0x12, 0x01, 0xA9, 0x12, 0x01, 0x64, 0x00,
        0xB0, 0x12, 0x01, 0xDE, 0x12, 0x01, 0x49, 0x00, 0xDF, 0x12, 0x01, 0xDF, 0x12, 0x01, 0x49, 0x00,
        0xE0, 0x12, 0x01, 0xE2, 0x12, 0x01, 0x49, 0x00, 0xE3, 0x12, 0x01, 0xEA, 0x12, 0x01, 0x49, 0x00,
        0xF0, 0x12, 0x01, 0xF9, 0x12, 0x01, 0x49, 0x00, 0x00, 0x13, 0x01, 0x01, 0x13, 0x01, 0x2D, 0x00,
        0x02, 0x13, 0x01, 0x03, 0x13, 0x01, 0x2D, 0x00, 0x05, 0x13, 0x01, 0x0C, 0x13, 0x01, 0x2D, 0x00,
        0x0F, 0x13, 0x01, 0x10, 0x13, 0x01, 0x2D, 0x00, 0x13, 0x13, 0x01, 0x28, 0x13, 0x01, 0x2D, 0x00,
        0x2A, 0x13, 0x01, 0x30, 0x13, 0x01, 0x2D, 0x00, 0x32, 0x13, 0x01, 0x33, 0x13, 0x01, 0x2D, 0x00,
        0x35, 0x13, 0x01, 0x39, 0x13, 0x01, 0x2D, 0x00, 0x3B, 0x13, 0x01, 0x3B, 0x13, 0x01, 0x3B, 0x00,
        0x3C, 0x13, 0x01, 0x3C, 0x13, 0x01, 0x2D, 0x00, 0x3D, 0x13, 0x01, 0x3D, 0x13, 0x01, 0x2D, 0x00,
        0x3E, 0x13, 0x01, 0x3F, 0x13, 0x01, 0x2D, 0x00, 0x40, 0x13, 0x01, 0x40, 0x13, 0x01, 0x2D, 0x00,
        0x41, 0x13, 0x01, 0x44, 0x13, 0x01, 0x2D, 0x00, 0x47, 0x13, 0x01, 0x48, 0x13, 0x01, 0x2D, 0x00,
        0x4B, 0x13, 0x01, 0x4D, 0x13, 0x01, 0x2D, 0x00, 0x50, 0x13, 0x01, 0x50, 0x13, 0x01, 0x2D, 0x00,
        0x57, 0x13, 0x01, 0x57, 0x13, 0x01, 0x2D, 0x00, 0x5D, 0x13, 0x01, 0x61, 0x13, 0x01, 0x2D, 0x00,
        0x62, 0x13, 0x01, 0x63, 0x13, 0x01, 0x2D, 0x00, 0x66, 0x13, 0x01, 0x6C, 0x13, 0x01, 0x2D, 0x00,
        0x70, 0x13, 0x01, 0x74, 0x13, 0x01, 0x2D, 0x00, 0x80, 0x13, 0x01, 0x89, 0x13, 0x01, 0xA7, 0x00,
        0x8B, 0x13, 0x01, 0x8B, 0x13, 0x01, 0xA7, 0x00, 0x8E, 0x13, 0x01, 0x8E, 0x13, 0x01, 0xA7, 0x00,
        0x90, 0x13, 0x01, 0xB5, 0x13, 0x01, 0xA7, 0x00, 0xB7, 0x13, 0x01, 0xB7, 0x13, 0x01, 0xA7, 0x00,
        0xB8, 0x13, 0x01, 0xBA, 0x13, 0x01, 0xA7, 0x00, 0xBB, 0x13, 0x01, 0xC0, 0x13, 0x01, 0xA7, 0x00,
        0xC2, 0x13, 0x01, 0xC2, 0x13, 0x01, 0xA7, 0x00, 0xC5, 0x13, 0x01, 0xC5, 0x13, 0x01, 0xA7, 0x00,
        0xC7, 0x13, 0x01, 0xCA, 0x13, 0x01, 0xA7, 0x00, 0xCC, 0x13, 0x01, 0xCD, 0x13, 0x01, 0xA7, 0x00,
        0xCE, 0x13, 0x01, 0xCE, 0x13, 0x01, 0xA7, 0x00, 0xCF, 0x13, 0x01, 0xCF, 0x13, 0x01, 0xA7, 0x00,
        0xD0, 0x13, 0x01, 0xD0, 0x13, 0x01, 0xA7, 0x00, 0xD1, 0x13, 0x01, 0xD1, 0x13, 0x01, 0xA7, 0x00,
        0xD2, 0x13, 0x01, 0xD2, 0x13, 0x01, 0xA7, 0x00, 0xD3, 0x13, 0x01, 0xD3, 0x13, 0x01, 0xA7, 0x00,
        0xD4, 0x13, 0x01, 0xD5, 0x13, 0x01, 0xA7, 0x00, 0xD7, 0x13, 0x01, 0xD8, 0x13, 0x01, 0xA7, 0x00,
        0xE1, 0x13, 0x01, 0xE2, 0x13, 0x01, 0xA7, 0x00, 0x00, 0x14, 0x01, 0x34, 0x14, 0x01, 0x6A, 0x00,
        0x35, 0x14, 0x01, 0x37, 0x14, 0x01, 0x6A, 0x00, 0x38, 0x14, 0x01, 0x3F, 0x14, 0x01, 0x6A, 0x00,
        0x40, 0x14, 0x01, 0x41, 0x14, 0x01, 0x6A, 0x00, 0x42, 0x14, 0x01, 0x44, 0x14, 0x01, 0x6A, 0x00,
        0x45, 0x14, 0x01, 0x45, 0x14, 0x01, 0x6A, 0x00, 0x46, 0x14, 0x01, 0x46, 0x14, 0x01, 0x6A, 0x00,
        0x47, 0x14, 0x01, 0x4A, 0x14, 0x01, 0x6A, 0x00, 0x4B, 0x14, 0x01, 0x4F, 0x14, 0x01, 0x6A, 0x00,
        0x50, 0x14, 0x01, 0x59, 0x14, 0x01, 0x6A, 0x00, 0x5A, 0x14, 0x01, 0x5B, 0x14, 0x01, 0x6A, 0x00,
        0x5D, 0x14, 0x01, 0x5D, 0x14, 0x01, 0x6A, 0x00, 0x5E, 0x14, 0x01, 0x5E, 0x14, 0x01, 0x6A, 0x00,
        0x5F, 0x14, 0x01, 0x61, 0x14, 0x01, 0x6A, 0x00, 0x80, 0x14, 0x01, 0xAF, 0x14, 0x01, 0xA3, 0x00,
        0xB0, 0x14, 0x01, 0xB2, 0x14, 0x01, 0xA3, 0x00, 0xB3, 0x14, 0x01, 0xB8, 0x14, 0x01, 0xA3, 0x00,
        0xB9, 0x14, 0x01, 0xB9, 0x14, 0x01, 0xA3, 0x00, 0xBA, 0x14, 0x01, 0xBA, 0x14, 0x01, 0xA3, 0x00,
        0xBB, 0x14, 0x01, 0xBE, 0x14, 0x01, 0xA3, 0x00, 0xBF, 0x14, 0x01, 0xC0, 0x14, 0x01, 0xA3, 0x00,
        0xC1, 0x14, 0x01, 0xC1, 0x14, 0x01, 0xA3, 0x00, 0xC2, 0x14, 0x01, 0xC3, 0x14, 0x01, 0xA3, 0x00,
        0xC4, 0x14, 0x01, 0xC5, 0x14, 0x01, 0xA3, 0x00, 0xC6, 0x14, 0x01, 0xC6, 0x14, 0x01, 0xA3, 0x00,
        0xC7, 0x14, 0x01, 0xC7, 0x14, 0x01, 0xA3, 0x00, 0xD0, 0x14, 0x01, 0xD9, 0x14, 0x01, 0xA3, 0x00,
        0x80, 0x15, 0x01, 0xAE, 0x15, 0x01, 0x89, 0x00, 0xAF, 0x15, 0x01, 0xB1, 0x15, 0x01, 0x89, 0x00,
        0xB2, 0x15, 0x01, 0xB5, 0x15, 0x01, 0x89, 0x00, 0xB8, 0x15, 0x01, 0xBB, 0x15, 0x01, 0x89, 0x00,
        0xBC, 0x15, 0x01, 0xBD, 0x15, 0x01, 0x89, 0x00, 0xBE, 0x15, 0x01, 0xBE, 0x15, 0x01, 0x89, 0x00,
        0xBF, 0x15, 0x01, 0xC0, 0x15, 0x01, 0x89, 0x00, 0xC1, 0x15, 0x01, 0xD7, 0x15, 0x01, 0x89, 0x00,
        0xD8, 0x15, 0x01, 0xDB, 0x15, 0x01, 0x89, 0x00, 0xDC, 0x15, 0x01, 0xDD, 0x15, 0x01, 0x89, 0x00,
        0x00, 0x16, 0x01, 0x2F, 0x16, 0x01, 0x61, 0x00, 0x30, 0x16, 0x01, 0x32, 0x16, 0x01, 0x61, 0x00,
        0x33, 0x16, 0x01, 0x3A, 0x16, 0x01, 0x61, 0x00, 0x3B, 0x16, 0x01, 0x3C, 0x16, 0x01, 0x61, 0x00,
        0x3D, 0x16, 0x01, 0x3D, 0x16, 0x01, 0x61, 0x00, 0x3E, 0x16, 0x01, 0x3E, 0x16, 0x01, 0x61, 0x00,
        0x3F, 0x16, 0x01, 0x40, 0x16, 0x01, 0x61, 0x00, 0x41, 0x16, 0x01, 0x43, 0x16, 0x01, 0x61, 0x00,
        0x44, 0x16, 0x01, 0x44, 0x16, 0x01, 0x61, 0x00, 0x50, 0x16, 0x01, 0x59, 0x16, 0x01, 0x61, 0x00,
        0x60, 0x16, 0x01, 0x6C, 0x16, 0x01, 0x62, 0x00, 0x80, 0x16, 0x01, 0xAA, 0x16, 0x01, 0x9A, 0x00,
        0xAB, 0x16, 0x01, 0xAB, 0x16, 0x01, 0x9A, 0x00, 0xAC, 0x16, 0x01, 0xAC, 0x16, 0x01, 0x9A, 0x00,
        0xAD, 0x16, 0x01, 0xAD, 0x16, 0x01, 0x9A, 0x00, 0xAE, 0x16, 0x01, 0xAF, 0x16, 0x01, 0x9A, 0x00,
        0xB0, 0x16, 0x01, 0xB5, 0x16, 0x01, 0x9A, 0x00, 0xB6, 0x16, 0x01, 0xB6, 0x16, 0x01, 0x9A, 0x00,
        0xB7, 0x16, 0x01, 0xB7, 0x16, 0x01, 0x9A, 0x00, 0xB8, 0x16, 0x01, 0xB8, 0x16, 0x01, 0x9A, 0x00,
        0xB9, 0x16, 0x01, 0xB9, 0x16, 0x01, 0x9A, 0x00, 0xC0, 0x16, 0x01, 0xC9, 0x16, 0x01, 0x9A, 0x00,
        0xD0, 0x16, 0x01, 0xE3, 0x16, 0x01, 0x65, 0x00, 0x00, 0x17, 0x01, 0x1A, 0x17, 0x01, 0x02, 0x00,
        0x1D, 0x17, 0x01, 0x1D, 0x17, 0x01, 0x02, 0x00, 0x1E, 0x17, 0x01, 0x1E, 0x17, 0x01, 0x02, 0x00,
        0x1F, 0x17, 0x01, 0x1F, 0x17, 0x01, 0x02, 0x00, 0x20, 0x17, 0x01, 0x21, 0x17, 0x01, 0x02, 0x00,
        0x22, 0x17, 0x01, 0x25, 0x17, 0x01, 0x02, 0x00, 0x26, 0x17, 0x01, 0x26, 0x17, 0x01, 0x02, 0x00,
        0x27, 0x17, 0x01, 0x2B, 0x17, 0x01, 0x02, 0x00, 0x30, 0x17, 0x01, 0x39, 0x17, 0x01, 0x02, 0x00,
        0x3A, 0x17, 0x01, 0x3B, 0x17, 0x01, 0x02, 0x00, 0x3C, 0x17, 0x01, 0x3E, 0x17, 0x01, 0x02, 0x00,
        0x3F, 0x17, 0x01, 0x3F, 0x17, 0x01, 0x02, 0x00, 0x40, 0x17, 0x01, 0x46, 0x17, 0x01, 0x02, 0x00,
        0x00, 0x18, 0x01, 0x2B, 0x18, 0x01, 0x23, 0x00, 0x2C, 0x18, 0x01, 0x2E, 0x18, 0x01, 0x23, 0x00,
        0x2F, 0x18, 0x01, 0x37, 0x18, 0x01, 0x23, 0x00, 0x38, 0x18, 0x01, 0x38, 0x18, 0x01, 0x23, 0x00,
        0x39, 0x18, 0x01, 0x3A, 0x18, 0x01, 0x23, 0x00, 0x3B, 0x18, 0x01, 0x3B, 0x18, 0x01, 0x23, 0x00,
        0xA0, 0x18, 0x01, 0xDF, 0x18, 0x01, 0xAC, 0x00, 0xE0, 0x18, 0x01, 0xE9, 0x18, 0x01, 0xAC, 0x00,
        0xEA, 0x18, 0x01, 0xF2, 0x18, 0x01, 0xAC, 0x00, 0xFF, 0x18, 0x01, 0xFF, 0x18, 0x01, 0xAC, 0x00,
        0x00, 0x19, 0x01, 0x06, 0x19, 0x01, 0x22, 0x00, 0x09, 0x19, 0x01, 0x09, 0x19, 0x01, 0x22, 0x00,
        0x0C, 0x19, 0x01, 0x13, 0x19, 0x01, 0x22, 0x00, 0x15, 0x19, 0x01, 0x16, 0x19, 0x01, 0x22, 0x00,
        0x18, 0x19, 0x01, 0x2F, 0x19, 0x01, 0x22, 0x00, 0x30, 0x19, 0x01, 0x35, 0x19, 0x01, 0x22, 0x00,
        0x37, 0x19, 0x01, 0x38, 0x19, 0x01, 0x22, 0x00, 0x3B, 0x19, 0x01, 0x3C, 0x19, 0x01, 0x22, 0x00,
        0x3D, 0x19, 0x01, 0x3D, 0x19, 0x01, 0x22, 0x00, 0x3E, 0x19, 0x01, 0x3E, 0x19, 0x01, 0x22, 0x00,
        0x3F, 0x19, 0x01, 0x3F, 0x19, 0x01, 0x22, 0x00, 0x40, 0x19, 0x01, 0x40, 0x19, 0x01, 0x22, 0x00,
        0x41, 0x19, 0x01, 0x41, 0x19, 0x01, 0x22, 0x00, 0x42, 0x19, 0x01, 0x42, 0x19, 0x01, 0x22, 0x00,
        0x43, 0x19, 0x01, 0x43, 0x19, 0x01, 0x22, 0x00, 0x44, 0x19, 0x01, 0x46, 0x19, 0x01, 0x22, 0x00,
        0x50, 0x19, 0x01, 0x59, 0x19, 0x01, 0x22, 0x00, 0xA0, 0x19, 0x01, 0xA7, 0x19, 0x01, 0x68, 0x00,
        0xAA, 0x19, 0x01, 0xD0, 0x19, 0x01, 0x68, 0x00, 0xD1, 0x19, 0x01, 0xD3, 0x19, 0x01, 0x68, 0x00,
        0xD4, 0x19, 0x01, 0xD7, 0x19, 0x01, 0x68, 0x00, 0xDA, 0x19, 0x01, 0xDB, 0x19, 0x01, 0x68, 0x00,
        0xDC, 0x19, 0x01, 0xDF, 0x19, 0x01, 0x68, 0x00, 0xE0, 0x19, 0x01, 0xE0, 0x19, 0x01, 0x68, 0x00,
        0xE1, 0x19, 0x01, 0xE1, 0x19, 0x01, 0x68, 0x00, 0xE2, 0x19, 0x01, 0xE2, 0x19, 0x01, 0x68, 0x00,
        0xE3, 0x19, 0x01, 0xE3, 0x19, 0x01, 0x68, 0x00, 0xE4, 0x19, 0x01, 0xE4, 0x19, 0x01, 0x68, 0x00,
        0x00, 0x1A, 0x01, 0x00, 0x1A, 0x01, 0xAF, 0x00, 0x01, 0x1A, 0x01, 0x0A, 0x1A, 0x01, 0xAF, 0x00,
        0x0B, 0x1A, 0x01, 0x32, 0x1A, 0x01, 0xAF, 0x00, 0x33, 0x1A, 0x01, 0x38, 0x1A, 0x01, 0xAF, 0x00,
        0x39, 0x1A, 0x01, 0x39, 0x1A, 0x01, 0xAF, 0x00, 0x3A, 0x1A, 0x01, 0x3A, 0x1A, 0x01, 0xAF, 0x00,
        0x3B, 0x1A, 0x01, 0x3E, 0x1A, 0x01, 0xAF, 0x00, 0x3F, 0x1A, 0x01, 0x46, 0x1A, 0x01, 0xAF, 0x00,
        0x47, 0x1A, 0x01, 0x47, 0x1A, 0x01, 0xAF, 0x00, 0x50, 0x1A, 0x01, 0x50, 0x1A, 0x01, 0x8F, 0x00,
        0x51, 0x1A, 0x01, 0x56, 0x1A, 0x01, 0x8F, 0x00, 0x57, 0x1A, 0x01, 0x58, 0x1A, 0x01, 0x8F, 0x00,
        0x59, 0x1A, 0x01, 0x5B, 0x1A, 0x01, 0x8F, 0x00, 0x5C, 0x1A, 0x01, 0x89, 0x1A, 0x01, 0x8F, 0x00,
        0x8A, 0x1A, 0x01, 0x96, 0x1A, 0x01, 0x8F, 0x00, 0x97, 0x1A, 0x01, 0x97, 0x1A, 0x01, 0x8F, 0x00,
        0x98, 0x1A, 0x01, 0x99, 0x1A, 0x01, 0x8F, 0x00, 0x9A, 0x1A, 0x01, 0x9C, 0x1A, 0x01, 0x8F, 0x00,
        0x9D, 0x1A, 0x01, 0x9D, 0x1A, 0x01, 0x8F, 0x00, 0x9E, 0x1A, 0x01, 0xA2, 0x1A, 0x01, 0x8F, 0x00,
        0xB0, 0x1A, 0x01, 0xBF, 0x1A, 0x01, 0x13, 0x00, 0xC0, 0x1A, 0x01, 0xF8, 0x1A, 0x01, 0x7F, 0x00,
        0x00, 0x1B, 0x01, 0x09, 0x1B, 0x01, 0x21, 0x00, 0x60, 0x1B, 0x01, 0x60, 0x1B, 0x01, 0x87, 0x00,
        0x61, 0x1B, 0x01, 0x61, 0x1B, 0x01, 0x87, 0x00, 0x62, 0x1B, 0x01, 0x64, 0x1B, 0x01, 0x87, 0x00,
        0x65, 0x1B, 0x01, 0x65, 0x1B, 0x01, 0x87, 0x00, 0x66, 0x1B, 0x01, 0x66, 0x1B, 0x01, 0x87, 0x00,
        0x67, 0x1B, 0x01, 0x67, 0x1B, 0x01, 0x87, 0x00, 0xC0, 0x1B, 0x01, 0xE0, 0x1B, 0x01, 0x91, 0x00,
        0xE1, 0x1B, 0x01, 0xE1, 0x1B, 0x01, 0x91, 0x00, 0xF0, 0x1B, 0x01, 0xF9, 0x1B, 0x01, 0x91, 0x00,
        0x00, 0x1C, 0x01, 0x08, 0x1C, 0x01, 0x0D, 0x00, 0x0A, 0x1C, 0x01, 0x2E, 0x1C, 0x01, 0x0D, 0x00,
        0x2F, 0x1C, 0x01, 0x2F, 0x1C, 0x01, 0x0D, 0x00, 0x30, 0x1C, 0x01, 0x36, 0x1C, 0x01, 0x0D, 0x00,
        0x38, 0x1C, 0x01, 0x3D, 0x1C, 0x01, 0x0D, 0x00, 0x3E, 0x1C, 0x01, 0x3E, 0x1C, 0x01, 0x0D, 0x00,
        0x3F, 0x1C, 0x01, 0x3F, 0x1C, 0x01, 0x0D, 0x00, 0x40, 0x1C, 0x01, 0x40, 0x1C, 0x01, 0x0D, 0x00,
        0x41, 0x1C, 0x01, 0x45, 0x1C, 0x01, 0x0D, 0x00, 0x50, 0x1C, 0x01, 0x59, 0x1C, 0x01, 0x0D, 0x00,
        0x5A, 0x1C, 0x01, 0x6C, 0x1C, 0x01, 0x0D, 0x00, 0x70, 0x1C, 0x01, 0x71, 0x1C, 0x01, 0x59, 0x00,
        0x72, 0x1C, 0x01, 0x8F, 0x1C, 0x01, 0x59, 0x00, 0x92, 0x1C, 0x01, 0xA7, 0x1C, 0x01, 0x59, 0x00,
        0xA9, 0x1C, 0x01, 0xA9, 0x1C, 0x01, 0x59, 0x00, 0xAA, 0x1C, 0x01, 0xB0, 0x1C, 0x01, 0x59, 0x00,
        0xB1, 0x1C, 0x01, 0xB1, 0x1C, 0x01, 0x59, 0x00, 0xB2, 0x1C, 0x01, 0xB3, 0x1C, 0x01, 0x59, 0x00,
        0xB4, 0x1C, 0x01, 0xB4, 0x1C, 0x01, 0x59, 0x00, 0xB5, 0x1C, 0x01, 0xB6, 0x1C, 0x01, 0x59, 0x00,
        0x00, 0x1D, 0x01, 0x06, 0x1D, 0x01, 0x5A, 0x00, 0x08, 0x1D, 0x01, 0x09, 0x1D, 0x01, 0x5A, 0x00,
        0x0B, 0x1D, 0x01, 0x30, 0x1D, 0x01, 0x5A, 0x00, 0x31, 0x1D, 0x01, 0x36, 0x1D, 0x01, 0x5A, 0x00,
        0x3A, 0x1D, 0x01, 0x3A, 0x1D, 0x01, 0x5A, 0x00, 0x3C, 0x1D, 0x01, 0x3D, 0x1D, 0x01, 0x5A, 0x00,
        0x3F, 0x1D, 0x01, 0x45, 0x1D, 0x01, 0x5A, 0x00, 0x46, 0x1D, 0x01, 0x46, 0x1D, 0x01, 0x5A, 0x00,
        0x47, 0x1D, 0x01, 0x47, 0x1D, 0x01, 0x5A, 0x00, 0x50, 0x1D, 0x01, 0x59, 0x1D, 0x01, 0x5A, 0x00,
        0x60, 0x1D, 0x01, 0x65, 0x1D, 0x01, 0x30, 0x00, 0x67, 0x1D, 0x01, 0x68, 0x1D, 0x01, 0x30, 0x00,
        0x6A, 0x1D, 0x01, 0x89, 0x1D, 0x01, 0x30, 0x00, 0x8A, 0x1D, 0x01, 0x8E, 0x1D, 0x01, 0x30, 0x00,
        0x90, 0x1D, 0x01, 0x91, 0x1D, 0x01, 0x30, 0x00, 0x93, 0x1D, 0x01, 0x94, 0x1D, 0x01, 0x30, 0x00,
        0x95, 0x1D, 0x01, 0x95, 0x1D, 0x01, 0x30, 0x00, 0x96, 0x1D, 0x01, 0x96, 0x1D, 0x01, 0x30, 0x00,
        0x97, 0x1D, 0x01, 0x97, 0x1D, 0x01, 0x30, 0x00, 0x98, 0x1D, 0x01, 0x98, 0x1D, 0x01, 0x30, 0x00,
        0xA0, 0x1D, 0x01, 0xA9, 0x1D, 0x01, 0x30, 0x00, 0xB0, 0x1D, 0x01, 0xD8, 0x1D, 0x01, 0xA5, 0x00,
        0xD9, 0x1D, 0x01, 0xD9, 0x1D, 0x01, 0xA5, 0x00, 0xDA, 0x1D, 0x01, 0xDB, 0x1D, 0x01, 0xA5, 0x00,
        0xE0, 0x1D, 0x01, 0xE9, 0x1D, 0x01, 0xA5, 0x00, 0xE0, 0x1E, 0x01, 0xF2, 0x1E, 0x01, 0x55, 0x00,
        0xF3, 0x1E, 0x01, 0xF4, 0x1E, 0x01, 0x55, 0x00, 0xF5, 0x1E, 0x01, 0xF6, 0x1E, 0x01, 0x55, 0x00,
        0xF7, 0x1E, 0x01, 0xF8, 0x1E, 0x01, 0x55, 0x00, 0x00, 0x1F, 0x01, 0x01, 0x1F, 0x01, 0x43, 0x00,
        0x02, 0x1F, 0x01, 0x02, 0x1F, 0x01, 0x43, 0x00, 0x03, 0x1F, 0x01, 0x03, 0x1F, 0x01, 0x43, 0x00,
        0x04, 0x1F, 0x01, 0x10, 0x1F, 0x01, 0x43, 0x00, 0x12, 0x1F, 0x01, 0x33, 0x1F, 0x01, 0x43, 0x00,
        0x34, 0x1F, 0x01, 0x35, 0x1F, 0x01, 0x43, 0x00, 0x36, 0x1F, 0x01, 0x3A, 0x1F, 0x01, 0x43, 0x00,
        0x3E, 0x1F, 0x01, 0x3F, 0x1F, 0x01, 0x43, 0x00, 0x40, 0x1F, 0x01, 0x40, 0x1F, 0x01, 0x43, 0x00,
        0x41, 0x1F, 0x01, 0x41, 0x1F, 0x01, 0x43, 0x00, 0x42, 0x1F, 0x01, 0x42, 0x1F, 0x01, 0x43, 0x00,
        0x43, 0x1F, 0x01, 0x4F, 0x1F, 0x01, 0x43, 0x00, 0x50, 0x1F, 0x01, 0x59, 0x1F, 0x01, 0x43, 0x00,
        0x5A, 0x1F, 0x01, 0x5A, 0x1F, 0x01, 0x43, 0x00, 0xB0, 0x1F, 0x01, 0xB0, 0x1F, 0x01, 0x51, 0x00,
        0xC0, 0x1F, 0x01, 0xD4, 0x1F, 0x01, 0x9B, 0x00, 0xD5, 0x1F, 0x01, 0xDC, 0x1F, 0x01, 0x9B, 0x00,
        0xDD, 0x1F, 0x01, 0xE0, 0x1F, 0x01, 0x9B, 0x00, 0xE1, 0x1F, 0x01, 0xF1, 0x1F, 0x01, 0x9B, 0x00,
        0xFF, 0x1F, 0x01, 0xFF, 0x1F, 0x01, 0x9B, 0x00, 0x00, 0x20, 0x01, 0x99, 0x23, 0x01, 0x1C, 0x00,
        0x00, 0x24, 0x01, 0x6E, 0x24, 0x01, 0x1C, 0x00, 0x70, 0x24, 0x01, 0x74, 0x24, 0x01, 0x1C, 0x00,
        0x80, 0x24, 0x01, 0x43, 0x25, 0x01, 0x1C, 0x00, 0x90, 0x2F, 0x01, 0xF0, 0x2F, 0x01, 0x1E, 0x00,
        0xF1, 0x2F, 0x01, 0xF2, 0x2F, 0x01, 0x1E, 0x00, 0x00, 0x30, 0x01, 0x2F, 0x34, 0x01, 0x25, 0x00,
        0x30, 0x34, 0x01, 0x3F, 0x34, 0x01, 0x25, 0x00, 0x40, 0x34, 0x01, 0x40, 0x34, 0x01, 0x25, 0x00,
        0x41, 0x34, 0x01, 0x46, 0x34, 0x01, 0x25, 0x00, 0x47, 0x34, 0x01, 0x55, 0x34, 0x01, 0x25, 0x00,
        0x60, 0x34, 0x01, 0xFA, 0x43, 0x01, 0x25, 0x00, 0x00, 0x44, 0x01, 0x46, 0x46, 0x01, 0x03, 0x00,
        0x00, 0x61, 0x01, 0x1D, 0x61, 0x01, 0x32, 0x00, 0x1E, 0x61, 0x01, 0x29, 0x61, 0x01, 0x32, 0x00,
        0x2A, 0x61, 0x01, 0x2C, 0x61, 0x01, 0x32, 0x00, 0x2D, 0x61, 0x01, 0x2F, 0x61, 0x01, 0x32, 0x00,
        0x30, 0x61, 0x01, 0x39, 0x61, 0x01, 0x32, 0x00, 0x00, 0x68, 0x01, 0x38, 0x6A, 0x01, 0x08, 0x00,
        0x40, 0x6A, 0x01, 0x5E, 0x6A, 0x01, 0x63, 0x00, 0x60, 0x6A, 0x01, 0x69, 0x6A, 0x01, 0x63, 0x00,
        0x6E, 0x6A, 0x01, 0x6F, 0x6A, 0x01, 0x63, 0x00, 0x70, 0x6A, 0x01, 0xBE, 0x6A, 0x01, 0x9C, 0x00,
        0xC0, 0x6A, 0x01, 0xC9, 0x6A, 0x01, 0x9C, 0x00, 0xD0, 0x6A, 0x01, 0xED, 0x6A, 0x01, 0x09, 0x00,
        0xF0, 0x6A, 0x01, 0xF4, 0x6A, 0x01, 0x09, 0x00, 0xF5, 0x6A, 0x01, 0xF5, 0x6A, 0x01, 0x09, 0x00,
        0x00, 0x6B, 0x01, 0x2F, 0x6B, 0x01, 0x7D, 0x00, 0x30, 0x6B, 0x01, 0x36, 0x6B, 0x01, 0x7D, 0x00,
        0x37, 0x6B, 0x01, 0x3B, 0x6B, 0x01, 0x7D, 0x00, 0x3C, 0x6B, 0x01, 0x3F, 0x6B, 0x01, 0x7D, 0x00,
        0x40, 0x6B, 0x01, 0x43, 0x6B, 0x01, 0x7D, 0x00, 0x44, 0x6B, 0x01, 0x44, 0x6B, 0x01, 0x7D, 0x00,
        0x45, 0x6B, 0x01, 0x45, 0x6B, 0x01, 0x7D, 0x00, 0x50, 0x6B, 0x01, 0x59, 0x6B, 0x01, 0x7D, 0x00,
        0x5B, 0x6B, 0x01, 0x61, 0x6B, 0x01, 0x7D, 0x00, 0x63, 0x6B, 0x01, 0x77, 0x6B, 0x01, 0x7D, 0x00,
        0x7D, 0x6B, 0x01, 0x8F, 0x6B, 0x01, 0x7D, 0x00, 0x40, 0x6D, 0x01, 0x42, 0x6D, 0x01, 0x4A, 0x00,
        0x43, 0x6D, 0x01, 0x6A, 0x6D, 0x01, 0x4A, 0x00, 0x6B, 0x6D, 0x01, 0x6C, 0x6D, 0x01, 0x4A, 0x00,
        0x6D, 0x6D, 0x01, 0x6F, 0x6D, 0x01, 0x4A, 0x00, 0x70, 0x6D, 0x01, 0x79, 0x6D, 0x01, 0x4A, 0x00,
        0x40, 0x6E, 0x01, 0x7F, 0x6E, 0x01, 0x5B, 0x00, 0x80, 0x6E, 0x01, 0x96, 0x6E, 0x01, 0x5B, 0x00,
        0x97, 0x6E, 0x01, 0x9A, 0x6E, 0x01, 0x5B, 0x00, 0xA0, 0x6E, 0x01, 0xB8, 0x6E, 0x01, 0x0C, 0x00,
        0xBB, 0x6E, 0x01, 0xD3, 0x6E, 0x01, 0x0C, 0x00, 0x00, 0x6F, 0x01, 0x4A, 0x6F, 0x01, 0x60, 0x00,
        0x4F, 0x6F, 0x01, 0x4F, 0x6F, 0x01, 0x60, 0x00, 0x50, 0x6F, 0x01, 0x50, 0x6F, 0x01, 0x60, 0x00,
        0x51, 0x6F, 0x01, 0x87, 0x6F, 0x01, 0x60, 0x00, 0x8F, 0x6F, 0x01, 0x92, 0x6F, 0x01, 0x60, 0x00,
        0x93, 0x6F, 0x01, 0x9F, 0x6F, 0x01, 0x60, 0x00, 0xE0, 0x6F, 0x01, 0xE0, 0x6F, 0x01, 0x9D, 0x00,
        0xE1, 0x6F, 0x01, 0xE1, 0x6F, 0x01, 0x6C, 0x00, 0xE2, 0x6F, 0x01, 0xE2, 0x6F, 0x01, 0x33, 0x00,
        0xE3, 0x6F, 0x01, 0xE3, 0x6F, 0x01, 0x33, 0x00, 0xE4, 0x6F, 0x01, 0xE4, 0x6F, 0x01, 0x46, 0x00,
        0xF0, 0x6F, 0x01, 0xF1, 0x6F, 0x01, 0x33, 0x00, 0xF2, 0x6F, 0x01, 0xF3, 0x6F, 0x01, 0x33, 0x00,
        0xF4, 0x6F, 0x01, 0xF6, 0x6F, 0x01, 0x33, 0x00, 0x00, 0x70, 0x01, 0xFF, 0x8A, 0x01, 0x9D, 0x00,
        0x00, 0x8B, 0x01, 0xD5, 0x8C, 0x01, 0x46, 0x00, 0xFF, 0x8C, 0x01, 0xFF, 0x8C, 0x01, 0x46, 0x00,
        0x00, 0x8D, 0x01, 0x1E, 0x8D, 0x01, 0x9D, 0x00, 0x80, 0x8D, 0x01, 0xF2, 0x8D, 0x01, 0x9D, 0x00,
        0xF0, 0xAF, 0x01, 0xF3, 0xAF, 0x01, 0x41, 0x00, 0xF5, 0xAF, 0x01, 0xFB, 0xAF, 0x01, 0x41, 0x00,
        0xFD, 0xAF, 0x01, 0xFE, 0xAF, 0x01, 0x41, 0x00, 0x00, 0xB0, 0x01, 0x00, 0xB0, 0x01, 0x41, 0x00,
        0x01, 0xB0, 0x01, 0x1F, 0xB1, 0x01, 0x39, 0x00, 0x20, 0xB1, 0x01, 0x22, 0xB1, 0x01, 0x41, 0x00,
        0x32, 0xB1, 0x01, 0x32, 0xB1, 0x01, 0x39, 0x00, 0x50, 0xB1, 0x01, 0x52, 0xB1, 0x01, 0x39, 0x00,
        0x55, 0xB1, 0x01, 0x55, 0xB1, 0x01, 0x41, 0x00, 0x64, 0xB1, 0x01, 0x67, 0xB1, 0x01, 0x41, 0x00,
        0x70, 0xB1, 0x01, 0xFB, 0xB2, 0x01, 0x6C, 0x00, 0x00, 0xBC, 0x01, 0x6A, 0xBC, 0x01, 0x24, 0x00,
        0x70, 0xBC, 0x01, 0x7C, 0xBC, 0x01, 0x24, 0x00, 0x80, 0xBC, 0x01, 0x88, 0xBC, 0x01, 0x24, 0x00,
        0x90, 0xBC, 0x01, 0x99, 0xBC, 0x01, 0x24, 0x00, 0x9C, 0xBC, 0x01, 0x9C, 0xBC, 0x01, 0x24, 0x00,
        0x9D, 0xBC, 0x01, 0x9E, 0xBC, 0x01, 0x24, 0x00, 0x9F, 0xBC, 0x01, 0x9F, 0xBC, 0x01, 0x24, 0x00,
        0xA0, 0xBC, 0x01, 0xA3, 0xBC, 0x01, 0x1A, 0x00, 0x00, 0xCC, 0x01, 0xEF, 0xCC, 0x01, 0x1A, 0x00,
        0xF0, 0xCC, 0x01, 0xF9, 0xCC, 0x01, 0x1A, 0x00, 0xFA, 0xCC, 0x01, 0xFC, 0xCC, 0x01, 0x1A, 0x00,
        0x00, 0xCD, 0x01, 0xB3, 0xCE, 0x01, 0x1A, 0x00, 0xBA, 0xCE, 0x01, 0xD0, 0xCE, 0x01, 0x1A, 0x00,
        0xE0, 0xCE, 0x01, 0xEF, 0xCE, 0x01, 0x1A, 0x00, 0xF0, 0xCE, 0x01, 0xF0, 0xCE, 0x01, 0x1A, 0x00,
        0x00, 0xCF, 0x01, 0x2D, 0xCF, 0x01, 0x3B, 0x00, 0x30, 0xCF, 0x01, 0x46, 0xCF, 0x01, 0x3B, 0x00,
        0x50, 0xCF, 0x01, 0xC3, 0xCF, 0x01, 0x1A, 0x00, 0x00, 0xD0, 0x01, 0xF5, 0xD0, 0x01, 0x1A, 0x00,
        0x00, 0xD1, 0x01, 0x26, 0xD1, 0x01, 0x1A, 0x00, 0x29, 0xD1, 0x01, 0x64, 0xD1, 0x01, 0x1A, 0x00,
        0x65, 0xD1, 0x01, 0x66, 0xD1, 0x01, 0x1A, 0x00, 0x67, 0xD1, 0x01, 0x69, 0xD1, 0x01, 0x3B, 0x00,
        0x6A, 0xD1, 0x01, 0x6C, 0xD1, 0x01, 0x1A, 0x00, 0x6D, 0xD1, 0x01, 0x72, 0xD1, 0x01, 0x1A, 0x00,
        0x73, 0xD1, 0x01, 0x7A, 0xD1, 0x01, 0x1A, 0x00, 0x7B, 0xD1, 0x01, 0x82, 0xD1, 0x01, 0x3B, 0x00,
        0x83, 0xD1, 0x01, 0x84, 0xD1, 0x01, 0x1A, 0x00, 0x85, 0xD1, 0x01, 0x8B, 0xD1, 0x01, 0x3B, 0x00,
        0x8C, 0xD1, 0x01, 0xA9, 0xD1, 0x01, 0x1A, 0x00, 0xAA, 0xD1, 0x01, 0xAD, 0xD1, 0x01, 0x3B, 0x00,
        0xAE, 0xD1, 0x01, 0xEA, 0xD1, 0x01, 0x1A, 0x00, 0x00, 0xD2, 0x01, 0x41, 0xD2, 0x01, 0x2E, 0x00,
        0x42, 0xD2, 0x01, 0x44, 0xD2, 0x01, 0x2E, 0x00, 0x45, 0xD2, 0x01, 0x45, 0xD2, 0x01, 0x2E, 0x00,
        0xC0, 0xD2, 0x01, 0xD3, 0xD2, 0x01, 0x1A, 0x00, 0xE0, 0xD2, 0x01, 0xF3, 0xD2, 0x01, 0x1A, 0x00,
        0x00, 0xD3, 0x01, 0x56, 0xD3, 0x01, 0x1A, 0x00, 0x60, 0xD3, 0x01, 0x78, 0xD3, 0x01, 0x1A, 0x00,
        0x00, 0xD4, 0x01, 0x54, 0xD4, 0x01, 0x1A, 0x00, 0x56, 0xD4, 0x01, 0x9C, 0xD4, 0x01, 0x1A, 0x00,
        0x9E, 0xD4, 0x01, 0x9F, 0xD4, 0x01, 0x1A, 0x00, 0xA2, 0xD4, 0x01, 0xA2, 0xD4, 0x01, 0x1A, 0x00,
        0xA5, 0xD4, 0x01, 0xA6, 0xD4, 0x01, 0x1A, 0x00, 0xA9, 0xD4, 0x01, 0xAC, 0xD4, 0x01, 0x1A, 0x00,
        0xAE, 0xD4, 0x01, 0xB9, 0xD4, 0x01, 0x1A, 0x00, 0xBB, 0xD4, 0x01, 0xBB, 0xD4, 0x01, 0x1A, 0x00,
        0xBD, 0xD4, 0x01, 0xC3, 0xD4, 0x01, 0x1A, 0x00, 0xC5, 0xD4, 0x01, 0x05, 0xD5, 0x01, 0x1A, 0x00,
        0x07, 0xD5, 0x01, 0x0A, 0xD5, 0x01, 0x1A, 0x00, 0x0D, 0xD5, 0x01, 0x14, 0xD5, 0x01, 0x1A, 0x00,
        0x16, 0xD5, 0x01, 0x1C, 0xD5, 0x01, 0x1A, 0x00, 0x1E, 0xD5, 0x01, 0x39, 0xD5, 0x01, 0x1A, 0x00,
        0x3B, 0xD5, 0x01, 0x3E, 0xD5, 0x01, 0x1A, 0x00, 0x40, 0xD5, 0x01, 0x44, 0xD5, 0x01, 0x1A, 0x00,
        0x46, 0xD5, 0x01, 0x46, 0xD5, 0x01, 0x1A, 0x00, 0x4A, 0xD5, 0x01, 0x50, 0xD5, 0x01, 0x1A, 0x00,
        0x52, 0xD5, 0x01, 0xA5, 0xD6, 0x01, 0x1A, 0x00, 0xA8, 0xD6, 0x01, 0xC0, 0xD6, 0x01, 0x1A, 0x00,
        0xC1, 0xD6, 0x01, 0xC1, 0xD6, 0x01, 0x1A, 0x00, 0xC2, 0xD6, 0x01, 0xDA, 0xD6, 0x01, 0x1A, 0x00,
        0xDB, 0xD6, 0x01, 0xDB, 0xD6, 0x01, 0x1A, 0x00, 0xDC, 0xD6, 0x01, 0xFA, 0xD6, 0x01, 0x1A, 0x00,
        0xFB, 0xD6, 0x01, 0xFB, 0xD6, 0x01, 0x1A, 0x00, 0xFC, 0xD6, 0x01, 0x14, 0xD7, 0x01, 0x1A, 0x00,
        0x15, 0xD7, 0x01, 0x15, 0xD7, 0x01, 0x1A, 0x00, 0x16, 0xD7, 0x01, 0x34, 0xD7, 0x01, 0x1A, 0x00,
        0x35, 0xD7, 0x01, 0x35, 0xD7, 0x01, 0x1A, 0x00, 0x36, 0xD7, 0x01, 0x4E, 0xD7, 0x01, 0x1A, 0x00,
        0x4F, 0xD7, 0x01, 0x4F, 0xD7, 0x01, 0x1A, 0x00, 0x50, 0xD7, 0x01, 0x6E, 0xD7, 0x01, 0x1A, 0x00,
        0x6F, 0xD7, 0x01, 0x6F, 0xD7, 0x01, 0x1A, 0x00, 0x70, 0xD7, 0x01, 0x88, 0xD7, 0x01, 0x1A, 0x00,
        0x89, 0xD7, 0x01, 0x89, 0xD7, 0x01, 0x1A, 0x00, 0x8A, 0xD7, 0x01, 0xA8, 0xD7, 0x01, 0x1A, 0x00,
        0xA9, 0xD7, 0x01, 0xA9, 0xD7, 0x01, 0x1A, 0x00, 0xAA, 0xD7, 0x01, 0xC2, 0xD7, 0x01, 0x1A, 0x00,
        0xC3, 0xD7, 0x01, 0xC3, 0xD7, 0x01, 0x1A, 0x00, 0xC4, 0xD7, 0x01, 0xCB, 0xD7, 0x01, 0x1A, 0x00,
        0xCE, 0xD7, 0x01, 0xFF, 0xD7, 0x01, 0x1A, 0x00, 0x00, 0xD8, 0x01, 0xFF, 0xD9, 0x01, 0x8B, 0x00,
        0x00, 0xDA, 0x01, 0x36, 0xDA, 0x01, 0x8B, 0x00, 0x37, 0xDA, 0x01, 0x3A, 0xDA, 0x01, 0x8B, 0x00,
        0x3B, 0xDA, 0x01, 0x6C, 0xDA, 0x01, 0x8B, 0x00, 0x6D, 0xDA, 0x01, 0x74, 0xDA, 0x01, 0x8B, 0x00,
        0x75, 0xDA, 0x01, 0x75, 0xDA, 0x01, 0x8B, 0x00, 0x76, 0xDA, 0x01, 0x83, 0xDA, 0x01, 0x8B, 0x00,
        0x84, 0xDA, 0x01, 0x84, 0xDA, 0x01, 0x8B, 0x00, 0x85, 0xDA, 0x01, 0x86, 0xDA, 0x01, 0x8B, 0x00,
        0x87, 0xDA, 0x01, 0x8B, 0xDA, 0x01, 0x8B, 0x00, 0x9B, 0xDA, 0x01, 0x9F, 0xDA, 0x01, 0x8B, 0x00,
        0xA1, 0xDA, 0x01, 0xAF, 0xDA, 0x01, 0x8B, 0x00, 0x00, 0xDF, 0x01, 0x09, 0xDF, 0x01, 0x4C, 0x00,
        0x0A, 0xDF, 0x01, 0x0A, 0xDF, 0x01, 0x4C, 0x00, 0x0B, 0xDF, 0x01, 0x1E, 0xDF, 0x01, 0x4C, 0x00,
        0x25, 0xDF, 0x01, 0x2A, 0xDF, 0x01, 0x4C, 0x00, 0x00, 0xE0, 0x01, 0x06, 0xE0, 0x01, 0x2B, 0x00,
        0x08, 0xE0, 0x01, 0x18, 0xE0, 0x01, 0x2B, 0x00, 0x1B, 0xE0, 0x01, 0x21, 0xE0, 0x01, 0x2B, 0x00,
        0x23, 0xE0, 0x01, 0x24, 0xE0, 0x01, 0x2B, 0x00, 0x26, 0xE0, 0x01, 0x2A, 0xE0, 0x01, 0x2B, 0x00,
        0x30, 0xE0, 0x01, 0x6D, 0xE0, 0x01, 0x1F, 0x00, 0x8F, 0xE0, 0x01, 0x8F, 0xE0, 0x01, 0x1F, 0x00,
        0x00, 0xE1, 0x01, 0x2C, 0xE1, 0x01, 0x6D, 0x00, 0x30, 0xE1, 0x01, 0x36, 0xE1, 0x01, 0x6D, 0x00,
        0x37, 0xE1, 0x01, 0x3D, 0xE1, 0x01, 0x6D, 0x00, 0x40, 0xE1, 0x01, 0x49, 0xE1, 0x01, 0x6D, 0x00,
        0x4E, 0xE1, 0x01, 0x4E, 0xE1, 0x01, 0x6D, 0x00, 0x4F, 0xE1, 0x01, 0x4F, 0xE1, 0x01, 0x6D, 0x00,
        0x90, 0xE2, 0x01, 0xAD, 0xE2, 0x01, 0xA6, 0x00, 0xAE, 0xE2, 0x01, 0xAE, 0xE2, 0x01, 0xA6, 0x00,
        0xC0, 0xE2, 0x01, 0xEB, 0xE2, 0x01, 0xAB, 0x00, 0xEC, 0xE2, 0x01, 0xEF, 0xE2, 0x01, 0xAB, 0x00,
        0xF0, 0xE2, 0x01, 0xF9, 0xE2, 0x01, 0xAB, 0x00, 0xFF, 0xE2, 0x01, 0xFF, 0xE2, 0x01, 0xAB, 0x00,
        0xD0, 0xE4, 0x01, 0xEA, 0xE4, 0x01, 0x67, 0x00, 0xEB, 0xE4, 0x01, 0xEB, 0xE4, 0x01, 0x67, 0x00,
        0xEC, 0xE4, 0x01, 0xEF, 0xE4, 0x01, 0x67, 0x00, 0xF0, 0xE4, 0x01, 0xF9, 0xE4, 0x01, 0x67, 0x00,
        0xD0, 0xE5, 0x01, 0xED, 0xE5, 0x01, 0x70, 0x00, 0xEE, 0xE5, 0x01, 0xEF, 0xE5, 0x01, 0x70, 0x00,
        0xF0, 0xE5, 0x01, 0xF0, 0xE5, 0x01, 0x70, 0x00, 0xF1, 0xE5, 0x01, 0xFA, 0xE5, 0x01, 0x70, 0x00,
        0xFF, 0xE5, 0x01, 0xFF, 0xE5, 0x01, 0x70, 0x00, 0xC0, 0xE6, 0x01, 0xDE, 0xE6, 0x01, 0x99, 0x00,
        0xE0, 0xE6, 0x01, 0xE2, 0xE6, 0x01, 0x99, 0x00, 0xE3, 0xE6, 0x01, 0xE3, 0xE6, 0x01, 0x99, 0x00,
        0xE4, 0xE6, 0x01, 0xE5, 0xE6, 0x01, 0x99, 0x00, 0xE6, 0xE6, 0x01, 0xE6, 0xE6, 0x01, 0x99, 0x00,
        0xE7, 0xE6, 0x01, 0xED, 0xE6, 0x01, 0x99, 0x00, 0xEE, 0xE6, 0x01, 0xEF, 0xE6, 0x01, 0x99, 0x00,
        0xF0, 0xE6, 0x01, 0xF4, 0xE6, 0x01, 0x99, 0x00, 0xF5, 0xE6, 0x01, 0xF5, 0xE6, 0x01, 0x99, 0x00,
        0xFE, 0xE6, 0x01, 0xFE, 0xE6, 0x01, 0x99, 0x00, 0xFF, 0xE6, 0x01, 0xFF, 0xE6, 0x01, 0x99, 0x00,
        0xE0, 0xE7, 0x01, 0xE6, 0xE7, 0x01, 0x28, 0x00, 0xE8, 0xE7, 0x01, 0xEB, 0xE7, 0x01, 0x28, 0x00,
        0xED, 0xE7, 0x01, 0xEE, 0xE7, 0x01, 0x28, 0x00, 0xF0, 0xE7, 0x01, 0xFE, 0xE7, 0x01, 0x28, 0x00,
        0x00, 0xE8, 0x01, 0xC4, 0xE8, 0x01, 0x5D, 0x00, 0xC7, 0xE8, 0x01, 0xCF, 0xE8, 0x01, 0x5D, 0x00,
        0xD0, 0xE8, 0x01, 0xD6, 0xE8, 0x01, 0x5D, 0x00, 0x00, 0xE9, 0x01, 0x43, 0xE9, 0x01, 0x01, 0x00,
        0x44, 0xE9, 0x01, 0x4A, 0xE9, 0x01, 0x01, 0x00, 0x4B, 0xE9, 0x01, 0x4B, 0xE9, 0x01, 0x01, 0x00,
        0x50, 0xE9, 0x01, 0x59, 0xE9, 0x01, 0x01, 0x00, 0x5E, 0xE9, 0x01, 0x5F, 0xE9, 0x01, 0x01, 0x00,
        0x71, 0xEC, 0x01, 0xAB, 0xEC, 0x01, 0x1A, 0x00, 0xAC, 0xEC, 0x01, 0xAC, 0xEC, 0x01, 0x1A, 0x00,
        0xAD, 0xEC, 0x01, 0xAF, 0xEC, 0x01, 0x1A, 0x00, 0xB0, 0xEC, 0x01, 0xB0, 0xEC, 0x01, 0x1A, 0x00,
        0xB1, 0xEC, 0x01, 0xB4, 0xEC, 0x01, 0x1A, 0x00, 0x01, 0xED, 0x01, 0x2D, 0xED, 0x01, 0x1A, 0x00,
        0x2E, 0xED, 0x01, 0x2E, 0xED, 0x01, 0x1A, 0x00, 0x2F, 0xED, 0x01, 0x3D, 0xED, 0x01, 0x1A, 0x00,
        0x00, 0xEE, 0x01, 0x03, 0xEE, 0x01, 0x04, 0x00, 0x05, 0xEE, 0x01, 0x1F, 0xEE, 0x01, 0x04, 0x00,
        0x21, 0xEE, 0x01, 0x22, 0xEE, 0x01, 0x04, 0x00, 0x24, 0xEE, 0x01, 0x24, 0xEE, 0x01, 0x04, 0x00,
        0x27, 0xEE, 0x01, 0x27, 0xEE, 0x01, 0x04, 0x00, 0x29, 0xEE, 0x01, 0x32, 0xEE, 0x01, 0x04, 0x00,
        0x34, 0xEE, 0x01, 0x37, 0xEE, 0x01, 0x04, 0x00, 0x39, 0xEE, 0x01, 0x39, 0xEE, 0x01, 0x04, 0x00,
        0x3B, 0xEE, 0x01, 0x3B, 0xEE, 0x01, 0x04, 0x00, 0x42, 0xEE, 0x01, 0x42, 0xEE, 0x01, 0x04, 0x00,
        0x47, 0xEE, 0x01, 0x47, 0xEE, 0x01, 0x04, 0x00, 0x49, 0xEE, 0x01, 0x49, 0xEE, 0x01, 0x04, 0x00,
        0x4B, 0xEE, 0x01, 0x4B, 0xEE, 0x01, 0x04, 0x00, 0x4D, 0xEE, 0x01, 0x4F, 0xEE, 0x01, 0x04, 0x00,
        0x51, 0xEE, 0x01, 0x52, 0xEE, 0x01, 0x04, 0x00, 0x54, 0xEE, 0x01, 0x54, 0xEE, 0x01, 0x04, 0x00,
        0x57, 0xEE, 0x01, 0x57, 0xEE, 0x01, 0x04, 0x00, 0x59, 0xEE, 0x01, 0x59, 0xEE, 0x01, 0x04, 0x00,
        0x5B, 0xEE, 0x01, 0x5B, 0xEE, 0x01, 0x04, 0x00, 0x5D, 0xEE, 0x01, 0x5D, 0xEE, 0x01, 0x04, 0x00,
        0x5F, 0xEE, 0x01, 0x5F, 0xEE, 0x01, 0x04, 0x00, 0x61, 0xEE, 0x01, 0x62, 0xEE, 0x01, 0x04, 0x00,
        0x64, 0xEE, 0x01, 0x64, 0xEE, 0x01, 0x04, 0x00, 0x67, 0xEE, 0x01, 0x6A, 0xEE, 0x01, 0x04, 0x00,
        0x6C, 0xEE, 0x01, 0x72, 0xEE, 0x01, 0x04, 0x00, 0x74, 0xEE, 0x01, 0x77, 0xEE, 0x01, 0x04, 0x00,
        0x79, 0xEE, 0x01, 0x7C, 0xEE, 0x01, 0x04, 0x00, 0x7E, 0xEE, 0x01, 0x7E, 0xEE, 0x01, 0x04, 0x00,
        0x80, 0xEE, 0x01, 0x89, 0xEE, 0x01, 0x04, 0x00, 0x8B, 0xEE, 0x01, 0x9B, 0xEE, 0x01, 0x04, 0x00,
        0xA1, 0xEE, 0x01, 0xA3, 0xEE, 0x01, 0x04, 0x00, 0xA5, 0xEE, 0x01, 0xA9, 0xEE, 0x01, 0x04, 0x00,
        0xAB, 0xEE, 0x01, 0xBB, 0xEE, 0x01, 0x04, 0x00, 0xF0, 0xEE, 0x01, 0xF1, 0xEE, 0x01, 0x04, 0x00,
        0x00, 0xF0, 0x01, 0x2B, 0xF0, 0x01, 0x1A, 0x00, 0x30, 0xF0, 0x01, 0x93, 0xF0, 0x01, 0x1A, 0x00,
        0xA0, 0xF0, 0x01, 0xAE, 0xF0, 0x01, 0x1A, 0x00, 0xB1, 0xF0, 0x01, 0xBF, 0xF0, 0x01, 0x1A, 0x00,
        0xC1, 0xF0, 0x01, 0xCF, 0xF0, 0x01, 0x1A, 0x00, 0xD1, 0xF0, 0x01, 0xF5, 0xF0, 0x01, 0x1A, 0x00,
        0x00, 0xF1, 0x01, 0x0C, 0xF1, 0x01, 0x1A, 0x00, 0x0D, 0xF1, 0x01, 0xAD, 0xF1, 0x01, 0x1A, 0x00,
        0xE6, 0xF1, 0x01, 0xFF, 0xF1, 0x01, 0x1A, 0x00, 0x00, 0xF2, 0x01, 0x00, 0xF2, 0x01, 0x39, 0x00,
        0x01, 0xF2, 0x01, 0x02, 0xF2, 0x01, 0x1A, 0x00, 0x10, 0xF2, 0x01, 0x3B, 0xF2, 0x01, 0x1A, 0x00,
        0x40, 0xF2, 0x01, 0x48, 0xF2, 0x01, 0x1A, 0x00, 0x50, 0xF2, 0x01, 0x51, 0xF2, 0x01, 0x1A, 0x00,
        0x60, 0xF2, 0x01, 0x65, 0xF2, 0x01, 0x1A, 0x00, 0x00, 0xF3, 0x01, 0xFA, 0xF3, 0x01, 0x1A, 0x00,
        0xFB, 0xF3, 0x01, 0xFF, 0xF3, 0x01, 0x1A, 0x00, 0x00, 0xF4, 0x01, 0xD8, 0xF6, 0x01, 0x1A, 0x00,
        0xDC, 0xF6, 0x01, 0xEC, 0xF6, 0x01, 0x1A, 0x00, 0xF0, 0xF6, 0x01, 0xFC, 0xF6, 0x01, 0x1A, 0x00,
        0x00, 0xF7, 0x01, 0xD9, 0xF7, 0x01, 0x1A, 0x00, 0xE0, 0xF7, 0x01, 0xEB, 0xF7, 0x01, 0x1A, 0x00,
        0xF0, 0xF7, 0x01, 0xF0, 0xF7, 0x01, 0x1A, 0x00, 0x00, 0xF8, 0x01, 0x0B, 0xF8, 0x01, 0x1A, 0x00,
        0x10, 0xF8, 0x01, 0x47, 0xF8, 0x01, 0x1A, 0x00, 0x50, 0xF8, 0x01, 0x59, 0xF8, 0x01, 0x1A, 0x00,
        0x60, 0xF8, 0x01, 0x87, 0xF8, 0x01, 0x1A, 0x00, 0x90, 0xF8, 0x01, 0xAD, 0xF8, 0x01, 0x1A, 0x00,
        0xB0, 0xF8, 0x01, 0xBB, 0xF8, 0x01, 0x1A, 0x00, 0xC0, 0xF8, 0x01, 0xC1, 0xF8, 0x01, 0x1A, 0x00,
        0xD0, 0xF8, 0x01, 0xD8, 0xF8, 0x01, 0x1A, 0x00, 0x00, 0xF9, 0x01, 0x57, 0xFA, 0x01, 0x1A, 0x00,
        0x60, 0xFA, 0x01, 0x6D, 0xFA, 0x01, 0x1A, 0x00, 0x70, 0xFA, 0x01, 0x7C, 0xFA, 0x01, 0x1A, 0x00,
        0x80, 0xFA, 0x01, 0x8A, 0xFA, 0x01, 0x1A, 0x00, 0x8E, 0xFA, 0x01, 0xC6, 0xFA, 0x01, 0x1A, 0x00,
        0xC8, 0xFA, 0x01, 0xC8, 0xFA, 0x01, 0x1A, 0x00, 0xCD, 0xFA, 0x01, 0xDC, 0xFA, 0x01, 0x1A, 0x00,
        0xDF, 0xFA, 0x01, 0xEA, 0xFA, 0x01, 0x1A, 0x00, 0xEF, 0xFA, 0x01, 0xF8, 0xFA, 0x01, 0x1A, 0x00,
        0x00, 0xFB, 0x01, 0x92, 0xFB, 0x01, 0x1A, 0x00, 0x94, 0xFB, 0x01, 0xEF, 0xFB, 0x01, 0x1A, 0x00,
        0xF0, 0xFB, 0x01, 0xF9, 0xFB, 0x01, 0x1A, 0x00, 0xFA, 0xFB, 0x01, 0xFA, 0xFB, 0x01, 0x1A, 0x00,
        0x00, 0x00, 0x02, 0xDF, 0xA6, 0x02, 0x33, 0x00, 0x00, 0xA7, 0x02, 0x1D, 0xB8, 0x02, 0x33, 0x00,
        0x20, 0xB8, 0x02, 0xAD, 0xCE, 0x02, 0x33, 0x00, 0xB0, 0xCE, 0x02, 0xE0, 0xEB, 0x02, 0x33, 0x00,
        0xF0, 0xEB, 0x02, 0x5D, 0xEE, 0x02, 0x33, 0x00, 0x00, 0xF8, 0x02, 0x1D, 0xFA, 0x02, 0x33, 0x00,
        0x00, 0x00, 0x03, 0x4A, 0x13, 0x03, 0x33, 0x00, 0x50, 0x13, 0x03, 0x79, 0x34, 0x03, 0x33, 0x00,
        0x01, 0x00, 0x0E, 0x01, 0x00, 0x0E, 0x1A, 0x00, 0x20, 0x00, 0x0E, 0x7F, 0x00, 0x0E, 0x1A, 0x00,
        0x00, 0x01, 0x0E, 0xEF, 0x01, 0x0E, 0x3B, 0x00
    ];

    /// <summary>Gets the script of a code point.</summary>
    /// <param name="codePoint">The code point.</param>
    /// <returns>The script, or <see cref="UnicodeScript.Unknown"/> when the code point has no assigned script.</returns>
    public static UnicodeScript GetScript(int codePoint)
    {
        var ranges = Ranges;
        var low = 0;
        var high = (ranges.Length / 8) - 1;
        while (low <= high)
        {
            var middle = (int)(((uint)low + (uint)high) / 2);
            var offset = middle * 8;
            var start = ReadUInt24(ranges, offset);
            if (codePoint < start)
            {
                high = middle - 1;
                continue;
            }

            if (codePoint > ReadUInt24(ranges, offset + 3))
            {
                low = middle + 1;
                continue;
            }

            return (UnicodeScript)(ranges[offset + 6] | (ranges[offset + 7] << 8));
        }

        return UnicodeScript.Unknown;
    }

    /// <summary>Gets the script of a rune.</summary>
    /// <param name="rune">The rune.</param>
    /// <returns>The script, or <see cref="UnicodeScript.Unknown"/> when the rune has no assigned script.</returns>
    public static UnicodeScript GetScript(Rune rune) => GetScript(rune.Value);

    /// <summary>The number of distinct <see cref="UnicodeScript"/> values.</summary>
    internal const int ScriptCount = 176;

    // Script_Extensions ranges, same 8-byte layout, but the trailing 2 bytes
    // are an index into ExtensionSetOffsets instead of a script id.
    private static ReadOnlySpan<byte> ExtensionRanges =>
    [
        0xB7, 0x00, 0x00, 0xB7, 0x00, 0x00, 0x00, 0x00, 0xBC, 0x02, 0x00, 0xBC, 0x02, 0x00, 0x01, 0x00,
        0xC7, 0x02, 0x00, 0xC7, 0x02, 0x00, 0x02, 0x00, 0xC9, 0x02, 0x00, 0xCB, 0x02, 0x00, 0x02, 0x00,
        0xCD, 0x02, 0x00, 0xCD, 0x02, 0x00, 0x03, 0x00, 0xD7, 0x02, 0x00, 0xD7, 0x02, 0x00, 0x04, 0x00,
        0xD9, 0x02, 0x00, 0xD9, 0x02, 0x00, 0x02, 0x00, 0x00, 0x03, 0x00, 0x00, 0x03, 0x00, 0x05, 0x00,
        0x01, 0x03, 0x00, 0x01, 0x03, 0x00, 0x06, 0x00, 0x02, 0x03, 0x00, 0x02, 0x03, 0x00, 0x07, 0x00,
        0x03, 0x03, 0x00, 0x03, 0x03, 0x00, 0x08, 0x00, 0x04, 0x03, 0x00, 0x04, 0x03, 0x00, 0x09, 0x00,
        0x05, 0x03, 0x00, 0x05, 0x03, 0x00, 0x0A, 0x00, 0x06, 0x03, 0x00, 0x06, 0x03, 0x00, 0x0B, 0x00,
        0x07, 0x03, 0x00, 0x07, 0x03, 0x00, 0x0C, 0x00, 0x08, 0x03, 0x00, 0x08, 0x03, 0x00, 0x0D, 0x00,
        0x09, 0x03, 0x00, 0x09, 0x03, 0x00, 0x0E, 0x00, 0x0A, 0x03, 0x00, 0x0A, 0x03, 0x00, 0x0F, 0x00,
        0x0B, 0x03, 0x00, 0x0B, 0x03, 0x00, 0x10, 0x00, 0x0C, 0x03, 0x00, 0x0C, 0x03, 0x00, 0x11, 0x00,
        0x0D, 0x03, 0x00, 0x0D, 0x03, 0x00, 0x12, 0x00, 0x0E, 0x03, 0x00, 0x0E, 0x03, 0x00, 0x13, 0x00,
        0x10, 0x03, 0x00, 0x10, 0x03, 0x00, 0x12, 0x00, 0x11, 0x03, 0x00, 0x11, 0x03, 0x00, 0x14, 0x00,
        0x13, 0x03, 0x00, 0x13, 0x03, 0x00, 0x15, 0x00, 0x23, 0x03, 0x00, 0x23, 0x03, 0x00, 0x16, 0x00,
        0x24, 0x03, 0x00, 0x24, 0x03, 0x00, 0x17, 0x00, 0x25, 0x03, 0x00, 0x25, 0x03, 0x00, 0x18, 0x00,
        0x2D, 0x03, 0x00, 0x2D, 0x03, 0x00, 0x19, 0x00, 0x2E, 0x03, 0x00, 0x2E, 0x03, 0x00, 0x18, 0x00,
        0x30, 0x03, 0x00, 0x30, 0x03, 0x00, 0x1A, 0x00, 0x31, 0x03, 0x00, 0x31, 0x03, 0x00, 0x1B, 0x00,
        0x42, 0x03, 0x00, 0x42, 0x03, 0x00, 0x1C, 0x00, 0x45, 0x03, 0x00, 0x45, 0x03, 0x00, 0x1C, 0x00,
        0x58, 0x03, 0x00, 0x58, 0x03, 0x00, 0x1D, 0x00, 0x5E, 0x03, 0x00, 0x5E, 0x03, 0x00, 0x1E, 0x00,
        0x63, 0x03, 0x00, 0x6F, 0x03, 0x00, 0x1F, 0x00, 0x74, 0x03, 0x00, 0x74, 0x03, 0x00, 0x20, 0x00,
        0x75, 0x03, 0x00, 0x75, 0x03, 0x00, 0x20, 0x00, 0x83, 0x04, 0x00, 0x83, 0x04, 0x00, 0x21, 0x00,
        0x84, 0x04, 0x00, 0x84, 0x04, 0x00, 0x22, 0x00, 0x85, 0x04, 0x00, 0x86, 0x04, 0x00, 0x23, 0x00,
        0x87, 0x04, 0x00, 0x87, 0x04, 0x00, 0x22, 0x00, 0x89, 0x05, 0x00, 0x89, 0x05, 0x00, 0x24, 0x00,
        0x0C, 0x06, 0x00, 0x0C, 0x06, 0x00, 0x25, 0x00, 0x1B, 0x06, 0x00, 0x1B, 0x06, 0x00, 0x25, 0x00,
        0x1C, 0x06, 0x00, 0x1C, 0x06, 0x00, 0x26, 0x00, 0x1F, 0x06, 0x00, 0x1F, 0x06, 0x00, 0x27, 0x00,
        0x40, 0x06, 0x00, 0x40, 0x06, 0x00, 0x28, 0x00, 0x4B, 0x06, 0x00, 0x55, 0x06, 0x00, 0x29, 0x00,
        0x60, 0x06, 0x00, 0x69, 0x06, 0x00, 0x2A, 0x00, 0x70, 0x06, 0x00, 0x70, 0x06, 0x00, 0x29, 0x00,
        0xD4, 0x06, 0x00, 0xD4, 0x06, 0x00, 0x2B, 0x00, 0x51, 0x09, 0x00, 0x51, 0x09, 0x00, 0x2C, 0x00,
        0x52, 0x09, 0x00, 0x52, 0x09, 0x00, 0x2D, 0x00, 0x64, 0x09, 0x00, 0x64, 0x09, 0x00, 0x2E, 0x00,
        0x65, 0x09, 0x00, 0x65, 0x09, 0x00, 0x2F, 0x00, 0x66, 0x09, 0x00, 0x6F, 0x09, 0x00, 0x30, 0x00,
        0xE6, 0x09, 0x00, 0xEF, 0x09, 0x00, 0x31, 0x00, 0x66, 0x0A, 0x00, 0x6F, 0x0A, 0x00, 0x32, 0x00,
        0xE6, 0x0A, 0x00, 0xEF, 0x0A, 0x00, 0x33, 0x00, 0xE6, 0x0B, 0x00, 0xEF, 0x0B, 0x00, 0x34, 0x00,
        0xF0, 0x0B, 0x00, 0xF2, 0x0B, 0x00, 0x34, 0x00, 0xF3, 0x0B, 0x00, 0xF3, 0x0B, 0x00, 0x34, 0x00,
        0xE6, 0x0C, 0x00, 0xEF, 0x0C, 0x00, 0x35, 0x00, 0x40, 0x10, 0x00, 0x49, 0x10, 0x00, 0x36, 0x00,
        0xFB, 0x10, 0x00, 0xFB, 0x10, 0x00, 0x37, 0x00, 0xEB, 0x16, 0x00, 0xED, 0x16, 0x00, 0x38, 0x00,
        0x35, 0x17, 0x00, 0x36, 0x17, 0x00, 0x39, 0x00, 0x02, 0x18, 0x00, 0x03, 0x18, 0x00, 0x3A, 0x00,
        0x05, 0x18, 0x00, 0x05, 0x18, 0x00, 0x3A, 0x00, 0xD0, 0x1C, 0x00, 0xD0, 0x1C, 0x00, 0x3B, 0x00,
        0xD1, 0x1C, 0x00, 0xD1, 0x1C, 0x00, 0x3C, 0x00, 0xD2, 0x1C, 0x00, 0xD2, 0x1C, 0x00, 0x3B, 0x00,
        0xD3, 0x1C, 0x00, 0xD3, 0x1C, 0x00, 0x3D, 0x00, 0xD4, 0x1C, 0x00, 0xD4, 0x1C, 0x00, 0x3C, 0x00,
        0xD5, 0x1C, 0x00, 0xD5, 0x1C, 0x00, 0x3E, 0x00, 0xD6, 0x1C, 0x00, 0xD6, 0x1C, 0x00, 0x3F, 0x00,
        0xD7, 0x1C, 0x00, 0xD7, 0x1C, 0x00, 0x40, 0x00, 0xD8, 0x1C, 0x00, 0xD8, 0x1C, 0x00, 0x41, 0x00,
        0xD9, 0x1C, 0x00, 0xD9, 0x1C, 0x00, 0x42, 0x00, 0xDA, 0x1C, 0x00, 0xDA, 0x1C, 0x00, 0x43, 0x00,
        0xDB, 0x1C, 0x00, 0xDB, 0x1C, 0x00, 0x3C, 0x00, 0xDC, 0x1C, 0x00, 0xDD, 0x1C, 0x00, 0x42, 0x00,
        0xDE, 0x1C, 0x00, 0xDF, 0x1C, 0x00, 0x3C, 0x00, 0xE0, 0x1C, 0x00, 0xE0, 0x1C, 0x00, 0x42, 0x00,
        0xE1, 0x1C, 0x00, 0xE1, 0x1C, 0x00, 0x44, 0x00, 0xE2, 0x1C, 0x00, 0xE2, 0x1C, 0x00, 0x45, 0x00,
        0xE3, 0x1C, 0x00, 0xE8, 0x1C, 0x00, 0x3C, 0x00, 0xE9, 0x1C, 0x00, 0xE9, 0x1C, 0x00, 0x46, 0x00,
        0xEA, 0x1C, 0x00, 0xEA, 0x1C, 0x00, 0x47, 0x00, 0xEB, 0x1C, 0x00, 0xEB, 0x1C, 0x00, 0x48, 0x00,
        0xEC, 0x1C, 0x00, 0xEC, 0x1C, 0x00, 0x3C, 0x00, 0xED, 0x1C, 0x00, 0xED, 0x1C, 0x00, 0x49, 0x00,
        0xEE, 0x1C, 0x00, 0xF1, 0x1C, 0x00, 0x3C, 0x00, 0xF2, 0x1C, 0x00, 0xF2, 0x1C, 0x00, 0x4A, 0x00,
        0xF3, 0x1C, 0x00, 0xF3, 0x1C, 0x00, 0x4B, 0x00, 0xF4, 0x1C, 0x00, 0xF4, 0x1C, 0x00, 0x4C, 0x00,
        0xF5, 0x1C, 0x00, 0xF6, 0x1C, 0x00, 0x44, 0x00, 0xF7, 0x1C, 0x00, 0xF7, 0x1C, 0x00, 0x4D, 0x00,
        0xF8, 0x1C, 0x00, 0xF9, 0x1C, 0x00, 0x4B, 0x00, 0xFA, 0x1C, 0x00, 0xFA, 0x1C, 0x00, 0x4E, 0x00,
        0xC0, 0x1D, 0x00, 0xC1, 0x1D, 0x00, 0x1C, 0x00, 0xF8, 0x1D, 0x00, 0xF8, 0x1D, 0x00, 0x4F, 0x00,
        0xFA, 0x1D, 0x00, 0xFA, 0x1D, 0x00, 0x50, 0x00, 0x2F, 0x20, 0x00, 0x2F, 0x20, 0x00, 0x51, 0x00,
        0x4F, 0x20, 0x00, 0x4F, 0x20, 0x00, 0x52, 0x00, 0x5A, 0x20, 0x00, 0x5A, 0x20, 0x00, 0x53, 0x00,
        0x5D, 0x20, 0x00, 0x5D, 0x20, 0x00, 0x54, 0x00, 0xF0, 0x20, 0x00, 0xF0, 0x20, 0x00, 0x55, 0x00,
        0x17, 0x2E, 0x00, 0x17, 0x2E, 0x00, 0x56, 0x00, 0x30, 0x2E, 0x00, 0x30, 0x2E, 0x00, 0x57, 0x00,
        0x31, 0x2E, 0x00, 0x31, 0x2E, 0x00, 0x58, 0x00, 0x3C, 0x2E, 0x00, 0x3C, 0x2E, 0x00, 0x59, 0x00,
        0x41, 0x2E, 0x00, 0x41, 0x2E, 0x00, 0x5A, 0x00, 0x43, 0x2E, 0x00, 0x43, 0x2E, 0x00, 0x22, 0x00,
        0xF0, 0x2F, 0x00, 0xFF, 0x2F, 0x00, 0x5B, 0x00, 0x01, 0x30, 0x00, 0x01, 0x30, 0x00, 0x5C, 0x00,
        0x02, 0x30, 0x00, 0x02, 0x30, 0x00, 0x5D, 0x00, 0x03, 0x30, 0x00, 0x03, 0x30, 0x00, 0x5E, 0x00,
        0x06, 0x30, 0x00, 0x06, 0x30, 0x00, 0x5F, 0x00, 0x08, 0x30, 0x00, 0x08, 0x30, 0x00, 0x60, 0x00,
        0x09, 0x30, 0x00, 0x09, 0x30, 0x00, 0x60, 0x00, 0x0A, 0x30, 0x00, 0x0A, 0x30, 0x00, 0x61, 0x00,
        0x0B, 0x30, 0x00, 0x0B, 0x30, 0x00, 0x61, 0x00, 0x0C, 0x30, 0x00, 0x0C, 0x30, 0x00, 0x62, 0x00,
        0x0D, 0x30, 0x00, 0x0D, 0x30, 0x00, 0x62, 0x00, 0x0E, 0x30, 0x00, 0x0E, 0x30, 0x00, 0x62, 0x00,
        0x0F, 0x30, 0x00, 0x0F, 0x30, 0x00, 0x62, 0x00, 0x10, 0x30, 0x00, 0x10, 0x30, 0x00, 0x62, 0x00,
        0x11, 0x30, 0x00, 0x11, 0x30, 0x00, 0x62, 0x00, 0x13, 0x30, 0x00, 0x13, 0x30, 0x00, 0x5E, 0x00,
        0x14, 0x30, 0x00, 0x14, 0x30, 0x00, 0x62, 0x00, 0x15, 0x30, 0x00, 0x15, 0x30, 0x00, 0x62, 0x00,
        0x16, 0x30, 0x00, 0x16, 0x30, 0x00, 0x62, 0x00, 0x17, 0x30, 0x00, 0x17, 0x30, 0x00, 0x62, 0x00,
        0x18, 0x30, 0x00, 0x18, 0x30, 0x00, 0x62, 0x00, 0x19, 0x30, 0x00, 0x19, 0x30, 0x00, 0x62, 0x00,
        0x1A, 0x30, 0x00, 0x1A, 0x30, 0x00, 0x62, 0x00, 0x1B, 0x30, 0x00, 0x1B, 0x30, 0x00, 0x62, 0x00,
        0x1C, 0x30, 0x00, 0x1C, 0x30, 0x00, 0x5E, 0x00, 0x1D, 0x30, 0x00, 0x1D, 0x30, 0x00, 0x5E, 0x00,
        0x1E, 0x30, 0x00, 0x1F, 0x30, 0x00, 0x5E, 0x00, 0x2A, 0x30, 0x00, 0x2D, 0x30, 0x00, 0x63, 0x00,
        0x30, 0x30, 0x00, 0x30, 0x30, 0x00, 0x5E, 0x00, 0x31, 0x30, 0x00, 0x35, 0x30, 0x00, 0x64, 0x00,
        0x37, 0x30, 0x00, 0x37, 0x30, 0x00, 0x5E, 0x00, 0x3C, 0x30, 0x00, 0x3C, 0x30, 0x00, 0x65, 0x00,
        0x3D, 0x30, 0x00, 0x3D, 0x30, 0x00, 0x65, 0x00, 0x3E, 0x30, 0x00, 0x3F, 0x30, 0x00, 0x5F, 0x00,
        0x99, 0x30, 0x00, 0x9A, 0x30, 0x00, 0x64, 0x00, 0x9B, 0x30, 0x00, 0x9C, 0x30, 0x00, 0x64, 0x00,
        0xA0, 0x30, 0x00, 0xA0, 0x30, 0x00, 0x64, 0x00, 0xFB, 0x30, 0x00, 0xFB, 0x30, 0x00, 0x62, 0x00,
        0xFC, 0x30, 0x00, 0xFC, 0x30, 0x00, 0x64, 0x00, 0x90, 0x31, 0x00, 0x91, 0x31, 0x00, 0x5F, 0x00,
        0x92, 0x31, 0x00, 0x95, 0x31, 0x00, 0x5F, 0x00, 0x96, 0x31, 0x00, 0x9F, 0x31, 0x00, 0x5F, 0x00,
        0xC0, 0x31, 0x00, 0xE5, 0x31, 0x00, 0x5F, 0x00, 0xEF, 0x31, 0x00, 0xEF, 0x31, 0x00, 0x5B, 0x00,
        0x20, 0x32, 0x00, 0x29, 0x32, 0x00, 0x5F, 0x00, 0x2A, 0x32, 0x00, 0x47, 0x32, 0x00, 0x5F, 0x00,
        0x80, 0x32, 0x00, 0x89, 0x32, 0x00, 0x5F, 0x00, 0x8A, 0x32, 0x00, 0xB0, 0x32, 0x00, 0x5F, 0x00,
        0xC0, 0x32, 0x00, 0xCB, 0x32, 0x00, 0x5F, 0x00, 0xFF, 0x32, 0x00, 0xFF, 0x32, 0x00, 0x5F, 0x00,
        0x58, 0x33, 0x00, 0x70, 0x33, 0x00, 0x5F, 0x00, 0x7B, 0x33, 0x00, 0x7F, 0x33, 0x00, 0x5F, 0x00,
        0xE0, 0x33, 0x00, 0xFE, 0x33, 0x00, 0x5F, 0x00, 0x6F, 0xA6, 0x00, 0x6F, 0xA6, 0x00, 0x22, 0x00,
        0x00, 0xA7, 0x00, 0x07, 0xA7, 0x00, 0x66, 0x00, 0x30, 0xA8, 0x00, 0x32, 0xA8, 0x00, 0x67, 0x00,
        0x33, 0xA8, 0x00, 0x35, 0xA8, 0x00, 0x68, 0x00, 0x36, 0xA8, 0x00, 0x37, 0xA8, 0x00, 0x69, 0x00,
        0x38, 0xA8, 0x00, 0x38, 0xA8, 0x00, 0x6A, 0x00, 0x39, 0xA8, 0x00, 0x39, 0xA8, 0x00, 0x69, 0x00,
        0xF1, 0xA8, 0x00, 0xF1, 0xA8, 0x00, 0x6B, 0x00, 0xF3, 0xA8, 0x00, 0xF3, 0xA8, 0x00, 0x6C, 0x00,
        0x2E, 0xA9, 0x00, 0x2E, 0xA9, 0x00, 0x6D, 0x00, 0xCF, 0xA9, 0x00, 0xCF, 0xA9, 0x00, 0x6E, 0x00,
        0x3E, 0xFD, 0x00, 0x3E, 0xFD, 0x00, 0x6F, 0x00, 0x3F, 0xFD, 0x00, 0x3F, 0xFD, 0x00, 0x6F, 0x00,
        0xF2, 0xFD, 0x00, 0xF2, 0xFD, 0x00, 0x70, 0x00, 0xFD, 0xFD, 0x00, 0xFD, 0xFD, 0x00, 0x70, 0x00,
        0x45, 0xFE, 0x00, 0x46, 0xFE, 0x00, 0x5E, 0x00, 0x61, 0xFF, 0x00, 0x61, 0xFF, 0x00, 0x62, 0x00,
        0x62, 0xFF, 0x00, 0x62, 0xFF, 0x00, 0x62, 0x00, 0x63, 0xFF, 0x00, 0x63, 0xFF, 0x00, 0x62, 0x00,
        0x64, 0xFF, 0x00, 0x65, 0xFF, 0x00, 0x62, 0x00, 0x70, 0xFF, 0x00, 0x70, 0xFF, 0x00, 0x64, 0x00,
        0x9E, 0xFF, 0x00, 0x9F, 0xFF, 0x00, 0x64, 0x00, 0x00, 0x01, 0x01, 0x01, 0x01, 0x01, 0x71, 0x00,
        0x02, 0x01, 0x01, 0x02, 0x01, 0x01, 0x72, 0x00, 0x07, 0x01, 0x01, 0x33, 0x01, 0x01, 0x73, 0x00,
        0x37, 0x01, 0x01, 0x3F, 0x01, 0x01, 0x72, 0x00, 0xE0, 0x02, 0x01, 0xE0, 0x02, 0x01, 0x74, 0x00,
        0xE1, 0x02, 0x01, 0xFB, 0x02, 0x01, 0x74, 0x00, 0xF2, 0x0A, 0x01, 0xF2, 0x0A, 0x01, 0x75, 0x00,
        0x01, 0x13, 0x01, 0x01, 0x13, 0x01, 0x34, 0x00, 0x03, 0x13, 0x01, 0x03, 0x13, 0x01, 0x34, 0x00,
        0x3B, 0x13, 0x01, 0x3C, 0x13, 0x01, 0x34, 0x00, 0xD0, 0x1F, 0x01, 0xD1, 0x1F, 0x01, 0x34, 0x00,
        0xD3, 0x1F, 0x01, 0xD3, 0x1F, 0x01, 0x34, 0x00, 0xA0, 0xBC, 0x01, 0xA3, 0xBC, 0x01, 0x59, 0x00,
        0x60, 0xD3, 0x01, 0x71, 0xD3, 0x01, 0x5F, 0x00, 0x50, 0xF2, 0x01, 0x51, 0xF2, 0x01, 0x5F, 0x00
    ];

    // 3-byte offsets into ExtensionSets.
    private static ReadOnlySpan<byte> ExtensionSetOffsets =>
    [
        0x00, 0x00, 0x00, 0x21, 0x00, 0x00, 0x30, 0x00, 0x00, 0x35, 0x00, 0x00, 0x3A, 0x00, 0x00, 0x3F,
        0x00, 0x00, 0x50, 0x00, 0x00, 0x61, 0x00, 0x00, 0x6A, 0x00, 0x00, 0x75, 0x00, 0x00, 0x8C, 0x00,
        0x00, 0x99, 0x00, 0x00, 0xA4, 0x00, 0x00, 0xB7, 0x00, 0x00, 0xCE, 0x00, 0x00, 0xD3, 0x00, 0x00,
        0xDA, 0x00, 0x00, 0xE3, 0x00, 0x00, 0xEA, 0x00, 0x00, 0xEF, 0x00, 0x00, 0xF4, 0x00, 0x00, 0xFB,
        0x00, 0x00, 0x04, 0x01, 0x00, 0x11, 0x01, 0x00, 0x1A, 0x01, 0x00, 0x1F, 0x01, 0x00, 0x26, 0x01,
        0x00, 0x2D, 0x01, 0x00, 0x3C, 0x01, 0x00, 0x3F, 0x01, 0x00, 0x44, 0x01, 0x00, 0x4B, 0x01, 0x00,
        0x4E, 0x01, 0x00, 0x53, 0x01, 0x00, 0x58, 0x01, 0x00, 0x5D, 0x01, 0x00, 0x62, 0x01, 0x00, 0x69,
        0x01, 0x00, 0x78, 0x01, 0x00, 0x7F, 0x01, 0x00, 0x90, 0x01, 0x00, 0xA3, 0x01, 0x00, 0xA8, 0x01,
        0x00, 0xAF, 0x01, 0x00, 0xB4, 0x01, 0x00, 0xD3, 0x01, 0x00, 0xEE, 0x01, 0x00, 0x19, 0x02, 0x00,
        0x48, 0x02, 0x00, 0x51, 0x02, 0x00, 0x58, 0x02, 0x00, 0x5D, 0x02, 0x00, 0x62, 0x02, 0x00, 0x67,
        0x02, 0x00, 0x6E, 0x02, 0x00, 0x75, 0x02, 0x00, 0x7C, 0x02, 0x00, 0x7F, 0x02, 0x00, 0x88, 0x02,
        0x00, 0x8D, 0x02, 0x00, 0x96, 0x02, 0x00, 0x99, 0x02, 0x00, 0xA0, 0x02, 0x00, 0xAB, 0x02, 0x00,
        0xB2, 0x02, 0x00, 0xB9, 0x02, 0x00, 0xC2, 0x02, 0x00, 0xC7, 0x02, 0x00, 0xD4, 0x02, 0x00, 0xD9,
        0x02, 0x00, 0xE0, 0x02, 0x00, 0xE7, 0x02, 0x00, 0xEE, 0x02, 0x00, 0xF3, 0x02, 0x00, 0xFC, 0x02,
        0x00, 0x13, 0x03, 0x00, 0x18, 0x03, 0x00, 0x21, 0x03, 0x00, 0x24, 0x03, 0x00, 0x27, 0x03, 0x00,
        0x2E, 0x03, 0x00, 0x31, 0x03, 0x00, 0x38, 0x03, 0x00, 0x3D, 0x03, 0x00, 0x4A, 0x03, 0x00, 0x53,
        0x03, 0x00, 0x5A, 0x03, 0x00, 0x5F, 0x03, 0x00, 0x64, 0x03, 0x00, 0x73, 0x03, 0x00, 0x76, 0x03,
        0x00, 0x7D, 0x03, 0x00, 0x82, 0x03, 0x00, 0x91, 0x03, 0x00, 0xA2, 0x03, 0x00, 0xAD, 0x03, 0x00,
        0xB0, 0x03, 0x00, 0xC1, 0x03, 0x00, 0xD4, 0x03, 0x00, 0xE1, 0x03, 0x00, 0xE6, 0x03, 0x00, 0xEB,
        0x03, 0x00, 0xF2, 0x03, 0x00, 0xF7, 0x03, 0x00, 0x18, 0x04, 0x00, 0x37, 0x04, 0x00, 0x4E, 0x04,
        0x00, 0x67, 0x04, 0x00, 0x6E, 0x04, 0x00, 0x73, 0x04, 0x00, 0x7A, 0x04, 0x00, 0x7F, 0x04, 0x00,
        0x84, 0x04, 0x00, 0x89, 0x04, 0x00, 0x90, 0x04, 0x00, 0x95, 0x04, 0x00, 0x9C, 0x04, 0x00, 0xA1,
        0x04, 0x00
    ];

    // count (1 byte) followed by that many 2-byte script ids.
    private static ReadOnlySpan<byte> ExtensionSets =>
    [
        0x10, 0x06, 0x00, 0x14, 0x00, 0x1B, 0x00, 0x24, 0x00, 0x26, 0x00, 0x2A, 0x00, 0x2B, 0x00, 0x2C,
        0x00, 0x2E, 0x00, 0x30, 0x00, 0x33, 0x00, 0x4C, 0x00, 0x53, 0x00, 0x54, 0x00, 0x74, 0x00, 0x88,
        0x00, 0x07, 0x0B, 0x00, 0x1F, 0x00, 0x21, 0x00, 0x4C, 0x00, 0x51, 0x00, 0xA0, 0x00, 0xA6, 0x00,
        0x02, 0x0E, 0x00, 0x4C, 0x00, 0x02, 0x4C, 0x00, 0x51, 0x00, 0x02, 0x4C, 0x00, 0xA0, 0x00, 0x08,
        0x18, 0x00, 0x1B, 0x00, 0x1F, 0x00, 0x2E, 0x00, 0x4C, 0x00, 0x74, 0x00, 0x91, 0x00, 0x96, 0x00,
        0x08, 0x18, 0x00, 0x1F, 0x00, 0x2E, 0x00, 0x4C, 0x00, 0x7B, 0x00, 0x91, 0x00, 0x96, 0x00, 0xA4,
        0x00, 0x04, 0x18, 0x00, 0x1F, 0x00, 0x4C, 0x00, 0xA2, 0x00, 0x05, 0x2B, 0x00, 0x4C, 0x00, 0x91,
        0x00, 0x93, 0x00, 0xA0, 0x00, 0x0B, 0x15, 0x00, 0x18, 0x00, 0x1B, 0x00, 0x1F, 0x00, 0x2C, 0x00,
        0x2E, 0x00, 0x4C, 0x00, 0x7B, 0x00, 0x93, 0x00, 0xA2, 0x00, 0xA4, 0x00, 0x06, 0x1B, 0x00, 0x26,
        0x00, 0x2B, 0x00, 0x2C, 0x00, 0x41, 0x00, 0x4C, 0x00, 0x05, 0x1F, 0x00, 0x2E, 0x00, 0x4C, 0x00,
        0x74, 0x00, 0xA2, 0x00, 0x09, 0x1B, 0x00, 0x24, 0x00, 0x38, 0x00, 0x4C, 0x00, 0x74, 0x00, 0x93,
        0x00, 0x96, 0x00, 0xA2, 0x00, 0xA4, 0x00, 0x0B, 0x05, 0x00, 0x1F, 0x00, 0x24, 0x00, 0x2C, 0x00,
        0x2E, 0x00, 0x38, 0x00, 0x4C, 0x00, 0x74, 0x00, 0x93, 0x00, 0x96, 0x00, 0xA2, 0x00, 0x02, 0x4C,
        0x00, 0xA2, 0x00, 0x03, 0x24, 0x00, 0x4C, 0x00, 0x93, 0x00, 0x04, 0x18, 0x00, 0x1F, 0x00, 0x4C,
        0x00, 0x7B, 0x00, 0x03, 0x18, 0x00, 0x4C, 0x00, 0x96, 0x00, 0x02, 0x4C, 0x00, 0x91, 0x00, 0x02,
        0x28, 0x00, 0x4C, 0x00, 0x03, 0x1F, 0x00, 0x4C, 0x00, 0xA4, 0x00, 0x04, 0x2E, 0x00, 0x4C, 0x00,
        0x74, 0x00, 0xA4, 0x00, 0x06, 0x18, 0x00, 0x24, 0x00, 0x41, 0x00, 0x4C, 0x00, 0x93, 0x00, 0xA2,
        0x00, 0x04, 0x18, 0x00, 0x24, 0x00, 0x4C, 0x00, 0x93, 0x00, 0x02, 0x4C, 0x00, 0x93, 0x00, 0x03,
        0x4C, 0x00, 0x91, 0x00, 0x93, 0x00, 0x03, 0x18, 0x00, 0x4C, 0x00, 0x93, 0x00, 0x07, 0x15, 0x00,
        0x18, 0x00, 0x2C, 0x00, 0x4C, 0x00, 0x91, 0x00, 0x93, 0x00, 0xA0, 0x00, 0x01, 0x2E, 0x00, 0x02,
        0x4C, 0x00, 0x7B, 0x00, 0x03, 0x15, 0x00, 0x4C, 0x00, 0xA4, 0x00, 0x01, 0x4C, 0x00, 0x02, 0x1B,
        0x00, 0x2E, 0x00, 0x02, 0x1F, 0x00, 0x74, 0x00, 0x02, 0x1F, 0x00, 0x2B, 0x00, 0x02, 0x1F, 0x00,
        0x4C, 0x00, 0x03, 0x05, 0x00, 0x2A, 0x00, 0x2B, 0x00, 0x07, 0x04, 0x00, 0x29, 0x00, 0x35, 0x00,
        0x6B, 0x00, 0x93, 0x00, 0x9F, 0x00, 0xAD, 0x00, 0x03, 0x04, 0x00, 0x93, 0x00, 0x9F, 0x00, 0x08,
        0x01, 0x00, 0x04, 0x00, 0x29, 0x00, 0x35, 0x00, 0x6B, 0x00, 0x93, 0x00, 0x9F, 0x00, 0xAD, 0x00,
        0x09, 0x01, 0x00, 0x04, 0x00, 0x35, 0x00, 0x57, 0x00, 0x58, 0x00, 0x79, 0x00, 0x82, 0x00, 0x8D,
        0x00, 0x93, 0x00, 0x02, 0x04, 0x00, 0x93, 0x00, 0x03, 0x04, 0x00, 0x9F, 0x00, 0xAD, 0x00, 0x02,
        0x04, 0x00, 0x35, 0x00, 0x0F, 0x0B, 0x00, 0x21, 0x00, 0x2D, 0x00, 0x2F, 0x00, 0x31, 0x00, 0x40,
        0x00, 0x4C, 0x00, 0x56, 0x00, 0x68, 0x00, 0x6A, 0x00, 0x7A, 0x00, 0x87, 0x00, 0x9B, 0x00, 0x9E,
        0x00, 0xA3, 0x00, 0x0D, 0x0B, 0x00, 0x21, 0x00, 0x2D, 0x00, 0x2F, 0x00, 0x31, 0x00, 0x40, 0x00,
        0x4C, 0x00, 0x56, 0x00, 0x6A, 0x00, 0x7A, 0x00, 0x9B, 0x00, 0x9E, 0x00, 0xA3, 0x00, 0x15, 0x0B,
        0x00, 0x21, 0x00, 0x23, 0x00, 0x2D, 0x00, 0x2F, 0x00, 0x30, 0x00, 0x31, 0x00, 0x40, 0x00, 0x49,
        0x00, 0x54, 0x00, 0x56, 0x00, 0x5A, 0x00, 0x68, 0x00, 0x70, 0x00, 0x7A, 0x00, 0x8C, 0x00, 0x92,
        0x00, 0x9A, 0x00, 0x9B, 0x00, 0x9E, 0x00, 0xA3, 0x00, 0x17, 0x0B, 0x00, 0x21, 0x00, 0x23, 0x00,
        0x2D, 0x00, 0x2F, 0x00, 0x30, 0x00, 0x31, 0x00, 0x32, 0x00, 0x40, 0x00, 0x49, 0x00, 0x4E, 0x00,
        0x54, 0x00, 0x56, 0x00, 0x5A, 0x00, 0x68, 0x00, 0x70, 0x00, 0x7A, 0x00, 0x8C, 0x00, 0x92, 0x00,
        0x9A, 0x00, 0x9B, 0x00, 0x9E, 0x00, 0xA3, 0x00, 0x04, 0x21, 0x00, 0x23, 0x00, 0x3F, 0x00, 0x54,
        0x00, 0x03, 0x0B, 0x00, 0x16, 0x00, 0x92, 0x00, 0x02, 0x31, 0x00, 0x64, 0x00, 0x02, 0x2F, 0x00,
        0x48, 0x00, 0x02, 0x2D, 0x00, 0x9B, 0x00, 0x03, 0x40, 0x00, 0x68, 0x00, 0xA7, 0x00, 0x03, 0x16,
        0x00, 0x65, 0x00, 0x96, 0x00, 0x03, 0x2A, 0x00, 0x2B, 0x00, 0x4C, 0x00, 0x01, 0x84, 0x00, 0x04,
        0x12, 0x00, 0x36, 0x00, 0x94, 0x00, 0x95, 0x00, 0x02, 0x62, 0x00, 0x80, 0x00, 0x04, 0x0B, 0x00,
        0x21, 0x00, 0x2D, 0x00, 0x40, 0x00, 0x01, 0x21, 0x00, 0x03, 0x21, 0x00, 0x2D, 0x00, 0x40, 0x00,
        0x05, 0x0B, 0x00, 0x21, 0x00, 0x6A, 0x00, 0x9E, 0x00, 0xA3, 0x00, 0x03, 0x0B, 0x00, 0x21, 0x00,
        0x9E, 0x00, 0x03, 0x21, 0x00, 0x6A, 0x00, 0x87, 0x00, 0x04, 0x0B, 0x00, 0x21, 0x00, 0x6A, 0x00,
        0x9E, 0x00, 0x02, 0x21, 0x00, 0x87, 0x00, 0x06, 0x21, 0x00, 0x40, 0x00, 0x56, 0x00, 0x7A, 0x00,
        0x9B, 0x00, 0x9E, 0x00, 0x02, 0x0B, 0x00, 0x21, 0x00, 0x03, 0x21, 0x00, 0x6A, 0x00, 0xA3, 0x00,
        0x03, 0x21, 0x00, 0x68, 0x00, 0x6A, 0x00, 0x03, 0x0B, 0x00, 0x21, 0x00, 0x87, 0x00, 0x02, 0x21,
        0x00, 0x6A, 0x00, 0x04, 0x0B, 0x00, 0x21, 0x00, 0x6A, 0x00, 0x87, 0x00, 0x0B, 0x0B, 0x00, 0x21,
        0x00, 0x2D, 0x00, 0x40, 0x00, 0x56, 0x00, 0x68, 0x00, 0x7A, 0x00, 0x8C, 0x00, 0x9E, 0x00, 0xA3,
        0x00, 0xA7, 0x00, 0x02, 0x21, 0x00, 0x2D, 0x00, 0x04, 0x21, 0x00, 0x2D, 0x00, 0x40, 0x00, 0xA7,
        0x00, 0x01, 0x0B, 0x00, 0x01, 0x68, 0x00, 0x03, 0x1F, 0x00, 0x4C, 0x00, 0x93, 0x00, 0x01, 0x93,
        0x00, 0x03, 0x4C, 0x00, 0x62, 0x00, 0x80, 0x00, 0x02, 0x01, 0x00, 0x04, 0x00, 0x06, 0x14, 0x00,
        0x2A, 0x00, 0x2B, 0x00, 0x52, 0x00, 0x71, 0x00, 0x78, 0x00, 0x04, 0x14, 0x00, 0x2E, 0x00, 0x5F,
        0x00, 0x71, 0x00, 0x03, 0x21, 0x00, 0x2D, 0x00, 0x4C, 0x00, 0x02, 0x1B, 0x00, 0x4C, 0x00, 0x02,
        0x06, 0x00, 0x78, 0x00, 0x07, 0x06, 0x00, 0x14, 0x00, 0x2A, 0x00, 0x3F, 0x00, 0x53, 0x00, 0x71,
        0x00, 0x85, 0x00, 0x01, 0x24, 0x00, 0x03, 0x01, 0x00, 0x04, 0x00, 0x71, 0x00, 0x02, 0x33, 0x00,
        0x9D, 0x00, 0x07, 0x0E, 0x00, 0x33, 0x00, 0x34, 0x00, 0x39, 0x00, 0x41, 0x00, 0x62, 0x00, 0xAE,
        0x00, 0x08, 0x0E, 0x00, 0x33, 0x00, 0x34, 0x00, 0x39, 0x00, 0x41, 0x00, 0x62, 0x00, 0x80, 0x00,
        0xAE, 0x00, 0x05, 0x0E, 0x00, 0x33, 0x00, 0x34, 0x00, 0x39, 0x00, 0x41, 0x00, 0x01, 0x33, 0x00,
        0x08, 0x0E, 0x00, 0x33, 0x00, 0x34, 0x00, 0x39, 0x00, 0x41, 0x00, 0x62, 0x00, 0xA1, 0x00, 0xAE,
        0x00, 0x09, 0x0E, 0x00, 0x33, 0x00, 0x34, 0x00, 0x39, 0x00, 0x41, 0x00, 0x51, 0x00, 0x62, 0x00,
        0xA1, 0x00, 0xAE, 0x00, 0x06, 0x0E, 0x00, 0x33, 0x00, 0x34, 0x00, 0x39, 0x00, 0x41, 0x00, 0xAE,
        0x00, 0x02, 0x0E, 0x00, 0x33, 0x00, 0x02, 0x39, 0x00, 0x41, 0x00, 0x03, 0x33, 0x00, 0x39, 0x00,
        0x41, 0x00, 0x02, 0x33, 0x00, 0x4C, 0x00, 0x10, 0x21, 0x00, 0x23, 0x00, 0x2F, 0x00, 0x31, 0x00,
        0x3F, 0x00, 0x40, 0x00, 0x48, 0x00, 0x49, 0x00, 0x54, 0x00, 0x56, 0x00, 0x61, 0x00, 0x68, 0x00,
        0x87, 0x00, 0x9A, 0x00, 0xA3, 0x00, 0xA7, 0x00, 0x0F, 0x21, 0x00, 0x23, 0x00, 0x2F, 0x00, 0x31,
        0x00, 0x3F, 0x00, 0x40, 0x00, 0x48, 0x00, 0x49, 0x00, 0x54, 0x00, 0x61, 0x00, 0x68, 0x00, 0x87,
        0x00, 0x9A, 0x00, 0xA3, 0x00, 0xA7, 0x00, 0x0B, 0x21, 0x00, 0x23, 0x00, 0x2F, 0x00, 0x31, 0x00,
        0x3F, 0x00, 0x48, 0x00, 0x49, 0x00, 0x54, 0x00, 0x61, 0x00, 0x9A, 0x00, 0xA3, 0x00, 0x0C, 0x21,
        0x00, 0x23, 0x00, 0x2F, 0x00, 0x31, 0x00, 0x3F, 0x00, 0x48, 0x00, 0x49, 0x00, 0x54, 0x00, 0x61,
        0x00, 0x87, 0x00, 0x9A, 0x00, 0xA3, 0x00, 0x03, 0x0B, 0x00, 0x21, 0x00, 0xA7, 0x00, 0x02, 0x21,
        0x00, 0x9B, 0x00, 0x03, 0x44, 0x00, 0x4C, 0x00, 0x65, 0x00, 0x02, 0x11, 0x00, 0x3E, 0x00, 0x02,
        0x04, 0x00, 0x6B, 0x00, 0x02, 0x04, 0x00, 0x9F, 0x00, 0x03, 0x1D, 0x00, 0x1E, 0x00, 0x50, 0x00,
        0x02, 0x1D, 0x00, 0x50, 0x00, 0x03, 0x1D, 0x00, 0x4F, 0x00, 0x50, 0x00, 0x02, 0x04, 0x00, 0x1B,
        0x00, 0x02, 0x58, 0x00, 0x79, 0x00
    ];

    /// <summary>Gets the Script_Extensions of a code point, or an empty span when it has none.</summary>
    internal static ReadOnlySpan<byte> GetScriptExtensionsRaw(int codePoint)
    {
        var ranges = ExtensionRanges;
        var low = 0;
        var high = (ranges.Length / 8) - 1;
        while (low <= high)
        {
            var middle = (int)(((uint)low + (uint)high) / 2);
            var offset = middle * 8;
            var start = ReadUInt24(ranges, offset);
            if (codePoint < start)
            {
                high = middle - 1;
                continue;
            }

            if (codePoint > ReadUInt24(ranges, offset + 3))
            {
                low = middle + 1;
                continue;
            }

            var setIndex = ranges[offset + 6] | (ranges[offset + 7] << 8);
            var setOffset = ReadUInt24(ExtensionSetOffsets, setIndex * 3);
            var sets = ExtensionSets;
            var count = sets[setOffset];
            return sets.Slice(setOffset + 1, count * 2);
        }

        return default;
    }

    private static int ReadUInt24(ReadOnlySpan<byte> value, int offset)
        => value[offset] | (value[offset + 1] << 8) | (value[offset + 2] << 16);
}